country_code,Country,Year,Population,female_population,Deaths,Female deaths,Intentional female homicides,intentional_family,intentional_partner,Int_homicide_by_family_and_partner,femicides,homicide_total,vic_intimate_violence,reported_offences_int_violence,men_perpetrators_int_violence,physical_violence,psychological_violence,sexual_violence,economic_violence,rape_victims,protection_orders,men_prosecuted_for_int_violence,men_sentenced,men_held_in_prison,female_rape_victims,female_sex_assault_victims,rape_convicted,rape_prosecuted,rape_suspected,sex_assault_convicted,sex_assault_prosecuted,sex_assault_suspected,Intentional female homicides_pct_change,intentional_family_pct_change,intentional_partner_pct_change,Int_homicide_by_family_and_partner_pct_change,femicides_pct_change,homicide_total_pct_change,vic_intimate_violence_pct_change,reported_offences_int_violence_pct_change,men_perpetrators_int_violence_pct_change,physical_violence_pct_change,psychological_violence_pct_change,sexual_violence_pct_change,economic_violence_pct_change,rape_victims_pct_change,protection_orders_pct_change,men_prosecuted_for_int_violence_pct_change,men_sentenced_pct_change,men_held_in_prison_pct_change,rape_convicted_pct_change,rape_prosecuted_pct_change,rape_suspected_pct_change,sex_assault_convicted_pct_change,sex_assault_prosecuted_pct_change,sex_assault_suspected_pct_change,female_rape_victims_pct_change,female_sex_assault_victims_pct_change,male_population,Intentional female homicides_per_100000,intentional_family_per_100000,intentional_partner_per_100000,Int_homicide_by_family_and_partner_per_100000,femicides_per_100000,homicide_total_per_100000,vic_intimate_violence_per_100000,reported_offences_int_violence_per_100000,physical_violence_per_100000,psychological_violence_per_100000,sexual_violence_per_100000,economic_violence_per_100000,rape_victims_per_100000,female_rape_victims_per_100000,female_sex_assault_victims_per_100000,men_perpetrators_int_violence_per_100000,protection_orders_per_100000,men_prosecuted_for_int_violence_per_100000,men_sentenced_per_100000,men_held_in_prison_per_100000,rape_convicted_per_100000,rape_prosecuted_per_100000,rape_suspected_per_100000,sex_assault_convicted_per_100000,sex_assault_prosecuted_per_100000,sex_assault_suspected_per_100000,pct_of_jailed_from_prosecuted,pct_of_sentenced_from_prosecuted,comparable_femicides_countries,comparable_countries_reported_offences
AT,Austria,2011,8375164.0,,76142.0,39758.0,35.0,0.0,0.0,0.0,,,,,,,,,,,,,,,1131.0,743.0,189.54,1726.31,1110.58,223.34,2782.59,1911.75,,,,,,,,,,,,,,,,,,,,,,,,,,,,,,,,,,,,,,,,,,,,,,,,,,,,,,,,False,False
AT,Austria,2012,8408121.0,4309977.0,78961.0,41803.0,38.0,0.0,0.0,0.0,,,,,,,,,,,,,,,1117.0,780.0,174.15,1740.46,1114.55,218.2,2713.64,1995.53,8.6,,,,,,,,,,,,,,,,,,-8.1,0.8,0.4,-2.3,-2.5,4.4,-1.2,5.0,4098144.0,0.9,0.0,0.0,0.0,,,,,,,,,,25.9,18.1,,,,,,4.2,42.5,27.2,5.3,66.2,48.7,,,False,False
AT,Austria,2013,8451860.0,4328238.0,79020.0,41378.0,30.0,0.0,0.0,0.0,,,,,,,,,,,,,,,1146.0,660.0,194.61,1658.26,1124.63,111.64,2565.75,1541.5,-21.1,,,,,,,,,,,,,,,,,,11.7,-4.7,0.9,-48.8,-5.4,-22.8,2.6,-15.4,4123622.0,0.7,0.0,0.0,0.0,,,,,,,,,,26.5,15.2,,,,,,4.7,40.2,27.3,2.7,62.2,37.4,,,False,False
AT,Austria,2014,8507786.0,4352447.0,77940.0,40662.0,23.0,0.0,0.0,0.0,25.0,38.0,10061.0,9904.0,,5785.0,4049.0,221.0,6.0,485.0,,,,,1061.0,696.0,189.45,1624.17,1110.09,122.89,2479.26,1581.15,-23.3,,,,,,,,,,,,,,,,,,-2.7,-2.1,-1.3,10.1,-3.4,2.6,-7.4,5.5,4155339.0,0.5,0.0,0.0,0.0,0.6,0.9,231.2,227.6,132.9,93.0,5.1,0.1,11.1,24.4,16.0,,,,,,4.6,39.1,26.7,3.0,59.7,38.1,,,False,False
AT,Austria,2015,8584926.0,4384529.0,83026.0,43159.0,17.0,14.0,0.0,14.0,32.0,46.0,10529.0,10297.0,,6172.0,4150.0,196.0,11.0,452.0,,3648.0,433.0,,1045.0,688.0,179.17,1603.33,1026.91,125.93,2508.4,1516.3,-26.1,inf,,inf,28.0,21.1,4.7,4.0,,6.7,2.5,-11.3,83.3,-6.8,,,,,-5.4,-1.3,-7.5,2.5,1.2,-4.1,-1.5,-1.1,4200397.0,0.4,0.3,0.0,0.3,0.7,1.0,240.1,234.8,140.8,94.7,4.5,0.3,10.3,23.8,15.7,,,86.8,10.3,,4.3,38.2,24.4,3.0,59.7,36.1,,11.9,False,False
AT,Austria,2016,8700471.0,4427918.0,80374.0,41579.0,31.0,23.0,0.0,23.0,41.0,52.0,11549.0,11297.0,,6550.0,4746.0,247.0,6.0,504.0,,3852.0,524.0,,1123.0,2051.0,190.36,1590.37,1151.38,135.09,2965.83,2252.6,82.4,64.3,,64.3,28.1,13.0,9.7,9.7,,6.1,14.4,26.0,-45.5,11.5,,5.6,21.0,,6.2,-0.8,12.1,7.3,18.2,48.6,7.5,198.1,4272553.0,0.7,0.5,0.0,0.5,0.9,1.2,260.8,255.1,147.9,107.2,5.6,0.1,11.4,25.4,46.3,,,90.2,12.3,,4.5,37.2,26.9,3.2,69.4,52.7,,13.6,False,False
AT,Austria,2017,8772865.0,4460424.0,82957.0,43274.0,37.0,29.0,0.0,29.0,43.0,65.0,11194.0,10921.0,,6415.0,4515.0,257.0,7.0,477.0,,3938.0,486.0,,1388.0,2446.0,198.5,1736.35,1405.86,211.8,3298.76,2076.05,19.4,26.1,,26.1,4.9,25.0,-3.1,-3.3,,-2.1,-4.9,4.0,16.7,-5.4,,2.2,-7.3,,4.3,9.2,22.1,56.8,11.2,-7.8,23.6,19.3,4312441.0,0.8,0.7,0.0,0.7,1.0,1.5,251.0,244.8,143.8,101.2,5.8,0.2,10.7,31.1,54.8,,,91.3,11.3,,4.6,40.3,32.6,4.9,76.5,48.1,,12.3,False,False
AT,Austria,2018,8822267.0,4483749.0,83458.0,42902.0,44.0,31.0,0.0,31.0,54.0,72.0,11047.0,10598.0,,6424.0,4352.0,264.0,7.0,509.0,,3716.0,547.0,,1596.0,2509.0,194.38,1821.03,1618.46,216.89,3149.97,2177.05,18.9,6.9,,6.9,25.6,10.8,-1.3,-3.0,,0.1,-3.6,2.7,0.0,6.7,,-5.6,12.6,,-2.1,4.9,15.1,2.4,-4.5,4.9,15.0,2.6,4338518.0,1.0,0.7,0.0,0.7,1.2,1.6,246.4,236.4,143.3,97.1,5.9,0.2,11.4,35.6,56.0,,,85.7,12.6,,4.5,42.0,37.3,5.0,72.6,50.2,,14.7,False,False
AT,Austria,2019,8858775.0,4501742.0,82979.0,42454.0,40.0,21.0,0.0,21.0,,,,,,,,,,,,,,,1596.0,2233.0,164.7,1942.58,1606.03,223.0,3106.7,1904.74,-9.1,-32.3,,-32.3,,,,,,,,,,,,,,,-15.3,6.7,-0.8,2.8,-1.4,-12.5,0.0,-11.0,4357033.0,0.9,0.5,0.0,0.5,,,,,,,,,,35.5,49.6,,,,,,3.8,44.6,36.9,5.1,71.3,43.7,,,False,False
AT,Austria,2020,8901064.0,4522292.0,90963.0,45999.0,37.0,27.0,0.0,27.0,,,,,,,,,,,,,,,1579.0,2120.0,191.27,1725.53,1598.69,222.98,2712.56,1683.59,-7.5,28.6,,28.6,,,,,,,,,,,,,,,16.1,-11.2,-0.5,-0.0,-12.7,-11.6,-1.1,-5.1,4378772.0,0.8,0.6,0.0,0.6,,,,,,,,,,34.9,46.9,,,,,,4.4,39.4,36.5,5.1,61.9,38.4,,,False,False
AT,Austria,2021,8932664.0,4535712.0,,,,,,,,,,,,,,,,,,,,,,,0.0,,,0.0,,,,,,,,,,,,,,,,,,,,,-100.0,,,-100.0,,,,,4396952.0,,,,,,,,,,,,,,,,,,,,,0.0,,,0.0,,,,,False,False
AT,Austria,2022,8978929.0,,,,,,,,,,,,,,,,,,,,,,,,,,,,,,,,,,,,,,,,,,,,,,,,,,,,,,,,,,,,,,,,,,,,,,,,,,,,,,,,,,,,,False,False
BE,Belgium,2011,11000638.0,,104422.0,53015.0,,,,,,,,,,,,,,,,,,,0.0,0.0,590.74,4300.16,1303.7,0.0,4304.23,3099.33,,,,,,,,,,,,,,,,,,,,,,,,,,,,,,,,,,,,,,,,,,,,,,,,,,,,,,,,False,False
BE,Belgium,2012,11075889.0,5635601.0,109127.0,55291.0,,,,,,,,,,,,,,,,,,,0.0,0.0,529.54,4368.69,1256.63,0.0,4099.85,2909.4,,,,,,,,,,,,,,,,,,,-10.4,1.6,-3.6,,-4.7,-6.1,,,5440288.0,,,,,,,,,,,,,,0.0,0.0,,,,,,9.7,80.3,23.1,0.0,75.4,53.5,,,False,False
BE,Belgium,2013,11137974.0,5665118.0,109325.0,55493.0,,,,,,,,,,,,,,,,,,,0.0,0.0,481.62,4460.84,1062.01,0.0,4166.57,3015.98,,,,,,,,,,,,,,,,,,,-9.0,2.1,-15.5,,1.6,3.7,,,5472856.0,,,,,,,,,,,,,,0.0,0.0,,,,,,8.8,81.5,19.4,0.0,76.1,55.1,,,False,False
BE,Belgium,2014,11180840.0,5687048.0,104709.0,53244.0,,,,,,,,39594.0,8447.0,20205.0,18445.0,120.0,1430.0,,,38020.0,,,0.0,0.0,469.39,4096.23,958.13,0.0,3968.95,3059.7,,,,,,,,,,,,,,,,,,,-2.5,-8.2,-9.8,,-4.7,1.4,,,5493792.0,,,,,,,,696.2,355.3,324.3,2.1,25.1,,0.0,0.0,153.8,,692.1,,,8.5,74.6,17.4,0.0,72.2,55.7,,,False,False
BE,Belgium,2015,11237274.0,5713206.0,110429.0,56926.0,,,,,,,,37519.0,8595.0,20460.0,16165.0,106.0,1427.0,,,36804.0,,,0.0,0.0,390.95,4033.72,452.04,497.85,3844.36,652.6,,,,,,,,-5.2,1.8,1.3,-12.4,-11.7,-0.2,,,-3.2,,,-16.7,-1.5,-52.8,inf,-3.1,-78.7,,,5524068.0,,,,,,,,656.7,358.1,282.9,1.9,25.0,,0.0,0.0,155.6,,666.2,,,7.1,73.0,8.2,9.0,69.6,11.8,,,False,False
BE,Belgium,2016,11311117.0,5741853.0,108107.0,54778.0,,,,,,,,37757.0,8851.0,20911.0,15929.0,143.0,1410.0,,,37780.0,,,0.0,0.0,335.93,4253.02,429.58,468.26,4179.73,762.45,,,,,,,,0.6,3.0,2.2,-1.5,34.9,-1.2,,,2.7,,,-14.1,5.4,-5.0,-5.9,8.7,16.8,,,5569264.0,,,,,,,,657.6,364.2,277.4,2.5,24.6,,0.0,0.0,158.9,,678.4,,,6.0,76.4,7.7,8.4,75.0,13.7,,,False,False
BE,Belgium,2017,11351727.0,5762455.0,108333.0,55373.0,,,,,,,,37384.0,8831.0,20774.0,15763.0,148.0,1424.0,,,33674.0,,,0.0,0.0,326.74,4659.91,513.02,432.6,4538.78,882.51,,,,,,,,-1.0,-0.2,-0.7,-1.0,3.5,1.0,,,-10.9,,,-2.7,9.6,19.4,-7.6,8.6,15.7,,,5589272.0,,,,,,,,648.8,360.5,273.5,2.6,24.7,,0.0,0.0,158.0,,602.5,,,5.8,83.4,9.2,7.7,81.2,15.8,,,False,False
BE,Belgium,2018,11398589.0,5784371.0,110604.0,56586.0,,,,,,,,38464.0,8984.0,21773.0,15912.0,140.0,1424.0,,,31302.0,,,0.0,0.0,351.15,4852.93,481.43,526.21,4668.7,898.73,,,,,,,,2.9,1.7,4.8,0.9,-5.4,0.0,,,-7.0,,,7.5,4.1,-6.2,21.6,2.9,1.8,,,5614218.0,,,,,,,,665.0,376.4,275.1,2.4,24.6,,0.0,0.0,160.0,,557.5,,,6.3,86.4,8.6,9.4,83.2,16.0,,,False,False
BE,Belgium,2019,11455519.0,5810693.0,108793.0,55564.0,,,,,,,,,,,,,,,,,,,0.0,0.0,381.64,5093.67,507.84,526.16,5262.61,993.29,,,,,,,,,,,,,,,,,,,8.7,5.0,5.5,-0.0,12.7,10.5,,,5644826.0,,,,,,,,,,,,,,0.0,0.0,,,,,,6.8,90.2,9.0,9.3,93.2,17.6,,,False,False
BE,Belgium,2020,11522440.0,5841215.0,,,,,,,,,,,,,,,,,,,,,0.0,0.0,0.0,5106.33,382.62,0.0,5263.04,828.33,,,,,,,,,,,,,,,,,,,-100.0,0.2,-24.7,-100.0,0.0,-16.6,,,5681225.0,,,,,,,,,,,,,,0.0,0.0,,,,,,0.0,89.9,6.7,0.0,92.6,14.6,,,False,False
BE,Belgium,2021,11554767.0,5854293.0,,,,,,,,,,,,,,,,,,,,,,,,,,,,,,,,,,,,,,,,,,,,,,,,,,,,,,,5700474.0,,,,,,,,,,,,,,,,,,,,,,,,,,,,,False,False
BE,Belgium,2022,11631136.0,,,,,,,,,,,,,,,,,,,,,,,,,,,,,,,,,,,,,,,,,,,,,,,,,,,,,,,,,,,,,,,,,,,,,,,,,,,,,,,,,,,,,False,False
BG,Bulgaria,2011,7369431.0,,107614.0,51360.0,30.0,,,,,,,,,,,,,,,,,,157.0,264.0,89.42,135.68,96.62,132.59,198.38,310.41,,,,,,,,,,,,,,,,,,,,,,,,,,,,,,,,,,,,,,,,,,,,,,,,,,,,,,,,False,False
BG,Bulgaria,2012,7327224.0,3760457.0,108814.0,52334.0,37.0,,,,,,,,,,,,,,,,,,187.0,229.0,101.78,132.62,111.03,135.7,218.97,276.54,23.3,,,,,,,,,,,,,,,,,,13.8,-2.3,14.9,2.3,10.4,-10.9,19.1,-13.3,3566767.0,1.0,,,,,,,,,,,,,5.0,6.1,,,,,,2.9,3.7,3.1,3.8,6.1,7.8,,,False,False
BG,Bulgaria,2013,7284552.0,3739479.0,103691.0,49234.0,34.0,,,,,,,,,,,,,,,,,,164.0,222.0,103.85,128.53,93.57,132.64,195.36,261.16,-8.1,,,,,,,,,,,,,,,,,,2.0,-3.1,-15.7,-2.3,-10.8,-5.6,-12.3,-3.1,3545073.0,0.9,,,,,,,,,,,,,4.4,5.9,,,,,,2.9,3.6,2.6,3.7,5.5,7.4,,,False,False
BG,Bulgaria,2014,7245677.0,3720732.0,108203.0,51956.0,26.0,,,,,,1895.0,1895.0,,1416.0,,,,148.0,1895.0,,,,148.0,232.0,89.47,0.0,102.84,104.89,0.0,255.04,-23.5,,,,,,,,,,,,,,,,,,-13.8,-100.0,9.9,-20.9,-100.0,-2.3,-9.8,4.5,3524945.0,0.7,,,,,,50.9,50.9,38.1,,,,4.0,4.0,6.2,,53.8,,,,2.5,0.0,2.9,3.0,0.0,7.2,,,False,False
BG,Bulgaria,2015,7202198.0,3700183.0,109186.0,52671.0,29.0,,,,,,2121.0,2121.0,,1341.0,,,,119.0,2121.0,,,,119.0,296.0,52.46,0.0,53.48,80.23,0.0,256.11,11.5,,,,,,11.9,11.9,,-5.3,,,,-19.6,11.9,,,,-41.4,,-48.0,-23.5,,0.4,-19.6,27.6,3502015.0,0.8,,,,,,57.3,57.3,36.2,,,,3.2,3.2,8.0,,60.6,,,,1.5,0.0,1.5,2.3,0.0,7.3,,,False,False
BG,Bulgaria,2016,7153784.0,3676607.0,106519.0,50998.0,22.0,,,,,22.0,2323.0,2323.0,,1173.0,,,,127.0,2323.0,,,,127.0,387.0,62.75,0.0,79.21,105.96,0.0,238.67,-24.1,,,,,,9.5,9.5,,-12.5,,,,6.7,9.5,,,,19.6,,48.1,32.1,,-6.8,6.7,30.7,3477177.0,0.6,,,,,0.6,63.2,63.2,31.9,,,,3.5,3.5,10.5,,66.8,,,,1.8,0.0,2.3,3.0,0.0,6.9,,,False,False
BG,Bulgaria,2017,7101859.0,3651881.0,108616.0,52475.0,35.0,,,,,27.0,2440.0,2440.0,,1324.0,,,,142.0,2440.0,,,,142.0,238.0,48.36,0.0,59.68,82.32,0.0,355.0,59.1,,,,,22.7,5.0,5.0,,12.9,,,,11.8,5.0,,,,-22.9,,-24.7,-22.3,,48.7,11.8,-38.5,3449978.0,1.0,,,,,0.7,66.8,66.8,36.3,,,,3.9,3.9,6.5,,70.7,,,,1.4,0.0,1.7,2.4,0.0,10.3,,,False,False
BG,Bulgaria,2018,7050034.0,3627625.0,107292.0,51583.0,38.0,,,,,33.0,2981.0,2981.0,,,,,,,2981.0,,,,94.0,257.0,66.9,0.0,69.99,82.34,0.0,362.29,8.6,,,,,22.2,22.2,22.2,,,,,,,22.2,,,,38.3,,17.3,0.0,,2.1,-33.8,8.0,3422409.0,1.0,,,,,0.9,82.2,82.2,,,,,,2.6,7.1,,87.1,,,,2.0,0.0,2.0,2.4,0.0,10.6,,,False,False
BG,Bulgaria,2019,7000039.0,3604338.0,106625.0,51331.0,23.0,,,,,,,,,,,,,,,,,,110.0,263.0,41.18,0.0,75.15,92.65,0.0,328.39,-39.5,,,,,,,,,,,,,,,,,,-38.4,,7.4,12.5,,-9.4,17.0,2.3,3395701.0,0.6,,,,,,,,,,,,,3.1,7.3,,,,,,1.2,0.0,2.2,2.7,0.0,9.7,,,False,False
BG,Bulgaria,2020,6951482.0,3581836.0,123160.0,58077.0,26.0,,,,,,,,,,,,,,,,,,93.0,243.0,52.51,0.0,75.17,114.29,0.0,339.79,13.0,,,,,,,,,,,,,,,,,,27.5,,0.0,23.4,,3.5,-15.5,-7.6,3369646.0,0.7,,,,,,,,,,,,,2.6,6.8,,,,,,1.6,0.0,2.2,3.4,0.0,10.1,,,False,False
BG,Bulgaria,2021,6916548.0,3566833.0,,,,,,,,,,,,,,,,,,,,,,,,,,,,,,,,,,,,,,,,,,,,,,,,,,,,,,,3349715.0,,,,,,,,,,,,,,,,,,,,,,,,,,,,,False,False
BG,Bulgaria,2022,6838937.0,,,,,,,,,,,,,,,,,,,,,,,,,,,,,,,,,,,,,,,,,,,,,,,,,,,,,,,,,,,,,,,,,,,,,,,,,,,,,,,,,,,,,False,False
HR,Croatia,2011,4289857.0,,51495.0,25994.0,21.0,0.0,0.0,0.0,,,,,,,,,,,,,,,107.0,227.0,56.61,110.08,102.74,245.31,336.52,167.73,,,,,,,,,,,,,,,,,,,,,,,,,,,,,,,,,,,,,,,,,,,,,,,,,,,,,,,,False,True
HR,Croatia,2012,4275984.0,2213675.0,52165.0,26099.0,18.0,5.0,7.0,12.0,,,,,,,,,,,,,,,115.0,193.0,49.28,107.99,107.99,234.86,307.21,142.59,-14.3,inf,inf,inf,,,,,,,,,,,,,,,-12.9,-1.9,5.1,-4.3,-8.7,-15.0,7.5,-15.0,2062309.0,0.8,0.2,0.3,0.5,,,,,,,,,,5.2,8.7,,,,,,2.4,5.2,5.2,11.4,14.9,6.9,,,False,True
HR,Croatia,2013,4262140.0,2205657.0,50783.0,25530.0,21.0,5.0,8.0,13.0,,,,,,,,,,,,,,,267.0,285.0,49.29,79.7,182.46,175.12,325.07,164.63,16.7,0.0,14.3,8.3,,,,,,,,,,,,,,,0.0,-26.2,69.0,-25.4,5.8,15.5,132.2,47.7,2056483.0,1.0,0.2,0.4,0.6,,,,,,,,,,12.1,12.9,,,,,,2.4,3.9,8.9,8.5,15.8,8.0,,,False,True
HR,Croatia,2014,4246809.0,2197061.0,51282.0,26031.0,17.0,6.0,8.0,14.0,8.0,16.0,1456.0,1531.0,1159.0,382.0,915.0,48.0,,124.0,3474.0,5355.0,9175.0,1205.0,308.0,222.0,55.59,109.07,182.49,196.12,315.68,122.71,-19.0,20.0,0.0,7.7,,,,,,,,,,,,,,,12.8,36.9,0.0,12.0,-2.9,-25.5,15.4,-22.1,2049748.0,0.8,0.3,0.4,0.6,0.4,0.7,66.3,69.7,17.4,41.6,2.2,,5.6,14.0,10.1,56.5,169.5,261.3,447.6,58.8,2.7,5.3,8.9,9.6,15.4,6.0,22.5,171.3,False,True
HR,Croatia,2015,4225316.0,2186089.0,54720.0,27987.0,15.0,2.0,11.0,13.0,11.0,15.0,1523.0,1560.0,1188.0,303.0,942.0,43.0,,104.0,2620.0,3709.0,6652.0,797.0,242.0,315.0,36.72,59.8,142.67,195.12,329.4,172.04,-11.8,-66.7,37.5,-7.1,37.5,-6.2,4.6,1.9,2.5,-20.7,3.0,-10.4,,-16.1,-24.6,-30.7,-27.5,-33.9,-33.9,-45.2,-21.8,-0.5,4.3,40.2,-21.4,41.9,2039227.0,0.7,0.1,0.5,0.6,0.5,0.7,69.7,71.4,13.9,43.1,2.0,,4.8,11.1,14.4,58.3,128.5,181.9,326.2,39.1,1.8,2.9,7.0,9.6,16.2,8.4,21.5,179.3,False,True
HR,Croatia,2016,4190669.0,2167872.0,52075.0,26397.0,20.0,7.0,11.0,18.0,10.0,18.0,1577.0,1625.0,1182.0,305.0,893.0,50.0,,174.0,2493.0,3348.0,6675.0,728.0,306.0,327.0,90.25,201.49,143.77,31.48,74.51,155.32,33.3,250.0,0.0,38.5,-9.1,20.0,3.5,4.2,-0.5,0.7,-5.2,16.3,,67.3,-4.8,-9.7,0.3,-8.7,145.8,236.9,0.8,-83.9,-77.4,-9.7,26.4,3.8,2022797.0,0.9,0.3,0.5,0.8,0.5,0.8,72.7,75.0,14.1,41.2,2.3,,8.0,14.1,15.1,58.4,123.2,165.5,330.0,36.0,4.5,10.0,7.1,1.6,3.7,7.7,21.7,199.4,False,True
HR,Croatia,2017,4154213.0,2149003.0,54024.0,27817.0,18.0,7.0,9.0,16.0,9.0,15.0,2014.0,2050.0,1425.0,328.0,1142.0,55.0,,104.0,2916.0,3352.0,6553.0,761.0,230.0,217.0,90.29,196.33,142.78,33.6,93.44,125.98,-10.0,0.0,-18.2,-11.1,-10.0,-16.7,27.7,26.2,20.6,7.5,27.9,10.0,,-40.2,17.0,0.1,-1.8,4.5,0.0,-2.6,-0.7,6.7,25.4,-18.9,-24.8,-33.6,2005210.0,0.8,0.3,0.4,0.7,0.4,0.7,93.7,95.4,15.3,53.1,2.6,,4.8,10.7,10.1,71.1,145.4,167.2,326.8,38.0,4.5,9.8,7.1,1.7,4.7,6.3,22.7,195.5,False,True
HR,Croatia,2018,4105493.0,2123694.0,53349.0,26985.0,8.0,1.0,4.0,5.0,4.0,8.0,2158.0,2229.0,1500.0,326.0,1178.0,67.0,,110.0,2657.0,2991.0,6172.0,686.0,265.0,213.0,89.29,171.22,131.31,30.46,84.04,131.31,-55.6,-85.7,-55.6,-68.8,-55.6,-46.7,7.1,8.7,5.3,-0.6,3.2,21.8,,5.8,-8.9,-10.8,-5.8,-9.9,-1.1,-12.8,-8.0,-9.3,-10.1,4.2,15.2,-1.8,1981799.0,0.4,0.0,0.2,0.2,0.2,0.4,101.6,105.0,15.4,55.5,3.2,,5.2,12.5,10.0,75.7,134.1,150.9,311.4,34.6,4.5,8.6,6.6,1.5,4.2,6.6,22.9,206.4,False,True
HR,Croatia,2019,4076246.0,2103674.0,52477.0,26692.0,14.0,4.0,5.0,9.0,,,,,,,,,,,,,,,420.0,345.0,85.11,189.13,157.6,30.47,97.71,149.2,75.0,300.0,25.0,80.0,,,,,,,,,,,,,,,-4.7,10.5,20.0,0.0,16.3,13.6,58.5,62.0,1972572.0,0.7,0.2,0.2,0.4,,,,,,,,,,20.0,16.4,,,,,,4.3,9.6,8.0,1.5,5.0,7.6,,,False,True
HR,Croatia,2020,4058165.0,2086515.0,57023.0,29164.0,19.0,5.0,9.0,14.0,,,,,,,,,,,,,,,289.0,238.0,89.31,204.89,139.75,30.47,101.92,139.75,35.7,25.0,80.0,55.6,,,,,,,,,,,,,,,4.9,8.3,-11.3,0.0,4.3,-6.3,-31.2,-31.0,1971650.0,0.9,0.2,0.4,0.7,,,,,,,,,,13.9,11.4,,,,,,4.5,10.4,7.1,1.5,5.2,7.1,,,False,True
HR,Croatia,2021,4036355.0,2071425.0,62712.0,31575.0,14.0,,,,,,,,,,,,,,,,,,,,,,,,,,-26.3,,,,,,,,,,,,,,,,,,,,,,,,,,1964930.0,0.7,,,,,,,,,,,,,,,,,,,,,,,,,,,,False,True
HR,Croatia,2022,3879074.0,,43892.0,22384.0,,,,,,,,,,,,,,,,,,,,,,,,,,,,,,,,,,,,,,,,,,,,,,,,,,,,,,,,,,,,,,,,,,,,,,,,,,,,,,,,,,False,True
CY,Cyprus,2011,839751.0,,5348.0,2606.0,6.0,0.0,0.0,0.0,,,,,,,,,,,,,,,0.0,0.0,16.18,23.65,0.0,33.61,41.07,0.0,,,,,,,,,,,,,,,,,,,,,,,,,,,,,,,,,,,,,,,,,,,,,,,,,,,,,,,,False,False
CY,Cyprus,2012,862011.0,443018.0,5635.0,2668.0,5.0,0.0,0.0,0.0,,,,,,,,,,,,,,,0.0,0.0,18.58,30.97,0.0,148.64,74.32,0.0,-16.7,,,,,,,,,,,,,,,,,,14.8,31.0,,342.2,81.0,,,,418993.0,1.1,0.0,0.0,0.0,,,,,,,,,,0.0,0.0,,,,,,4.4,7.4,0.0,35.5,17.7,0.0,,,False,False
CY,Cyprus,2013,865878.0,444842.0,5234.0,2373.0,3.0,0.0,0.0,0.0,,,,,,,,,,,,,,,0.0,0.0,12.379999999999999,23.509999999999998,0.0,146.03,58.16,0.0,-40.0,,,,,,,,,,,,,,,,,,-33.4,-24.1,,-1.8,-21.7,,,,421036.0,0.7,0.0,0.0,0.0,,,,,,,,,,0.0,0.0,,,,,,2.9,5.6,0.0,34.7,13.8,0.0,,,False,False
CY,Cyprus,2014,858000.0,440462.0,5504.0,2609.0,5.0,0.0,0.0,0.0,,10.0,622.0,893.0,715.0,566.0,308.0,19.0,,14.0,,,,,0.0,0.0,11.16,17.35,0.0,38.42,60.74,0.0,66.7,,,,,,,,,,,,,,,,,,-9.9,-26.2,,-73.7,4.4,,,,417538.0,1.1,0.0,0.0,0.0,,2.3,141.2,202.7,128.5,69.9,4.3,,3.2,0.0,0.0,171.2,,,,,2.7,4.2,0.0,9.2,14.5,0.0,,,False,False
CY,Cyprus,2015,847008.0,435183.0,5955.0,2839.0,2.0,0.0,0.0,0.0,,12.0,660.0,951.0,771.0,556.0,345.0,50.0,,20.0,,,,,0.0,0.0,11.19,23.61,0.0,53.44,53.44,0.0,-60.0,,,,,20.0,6.1,6.5,7.8,-1.8,12.0,163.2,,42.9,,,,,0.3,36.1,,39.1,-12.0,,,,411825.0,0.5,0.0,0.0,0.0,,2.8,151.7,218.5,127.8,79.3,11.5,,4.6,0.0,0.0,187.2,,,,,2.7,5.7,0.0,13.0,13.0,0.0,,,False,False
CY,Cyprus,2016,848319.0,435627.0,5547.0,2561.0,5.0,0.0,0.0,0.0,,11.0,519.0,830.0,625.0,510.0,281.0,39.0,,22.0,,,,,0.0,0.0,23.6,28.57,27.33,31.06,67.08,2.48,150.0,,,,,-8.3,-21.4,-12.7,-18.9,-8.3,-18.6,-22.0,,10.0,,,,,110.9,21.0,inf,-41.9,25.5,inf,,,412692.0,1.1,0.0,0.0,0.0,,2.5,119.1,190.5,117.1,64.5,9.0,,5.1,0.0,0.0,151.4,,,,,5.7,6.9,6.6,7.5,16.3,0.6,,,False,False
CY,Cyprus,2017,854802.0,438139.0,6164.0,2910.0,0.0,0.0,0.0,0.0,,7.0,497.0,774.0,609.0,499.0,249.0,26.0,,19.0,,,,,0.0,0.0,12.4,22.32,19.84,13.64,28.52,1.24,-100.0,,,,,-36.4,-4.2,-6.7,-2.6,-2.2,-11.4,-33.3,,-13.6,,,,,-47.5,-21.9,-27.4,-56.1,-57.5,-50.0,,,416663.0,0.0,0.0,0.0,0.0,,1.6,113.4,176.7,113.9,56.8,5.9,,4.3,0.0,0.0,146.2,,,,,3.0,5.4,4.8,3.3,6.8,0.3,,,False,False
CY,Cyprus,2018,864236.0,442728.0,5922.0,2792.0,6.0,0.0,0.0,0.0,,6.0,,,,,,,,28.0,,,,,0.0,0.0,12.370000000000001,21.03,32.17,27.22,40.83,1.24,inf,,,,,-14.3,,,,,,,,47.4,,,,,-0.2,-5.8,62.1,99.6,43.2,0.0,,,421508.0,1.4,0.0,0.0,0.0,,1.4,,,,,,,6.3,0.0,0.0,,,,,,2.9,5.0,7.6,6.5,9.7,0.3,,,False,False
CY,Cyprus,2019,875899.0,448068.0,6354.0,2985.0,10.0,0.0,0.0,0.0,9.0,10.0,,,,,,,,16.0,,,,,0.0,0.0,6.17,19.740000000000002,28.38,30.84,60.45,1.23,66.7,,,,,66.7,,,,,,,,-42.9,,,,,-50.1,-6.1,-11.8,13.3,48.1,-0.8,,,427831.0,2.2,0.0,0.0,0.0,2.0,2.2,,,,,,,3.6,0.0,0.0,,,,,,1.4,4.6,6.6,7.2,14.1,0.3,,,False,False
CY,Cyprus,2020,888005.0,453534.0,6553.0,3083.0,5.0,0.0,0.0,0.0,5.0,5.0,,,,,,,,27.0,,,,,0.0,0.0,0.0,0.0,28.29,0.0,0.0,2.46,-50.0,,,,-44.4,-50.0,,,,,,,,68.8,,,,,-100.0,-100.0,-0.3,-100.0,-100.0,100.0,,,434471.0,1.1,0.0,0.0,0.0,1.1,1.1,,,,,,,6.0,0.0,0.0,,,,,,0.0,0.0,6.5,0.0,0.0,0.6,,,False,False
CY,Cyprus,2021,896007.0,458357.0,,,7.0,,,,5.0,7.0,,,,,,,,,,,,,,,,,,,,,40.0,,,,0.0,40.0,,,,,,,,,,,,,,,,,,,,,437650.0,1.5,,,,1.1,1.5,,,,,,,,,,,,,,,,,,,,,,,False,False
CY,Cyprus,2022,904705.0,,,,4.0,,,,,,,,,,,,,,,,,,,,,,,,,,-42.9,,,,,,,,,,,,,,,,,,,,,,,,,,,,,,,,,,,,,,,,,,,,,,,,,,,,,,,False,False
CZ,Czechia,2011,10486731.0,,107156.0,52752.0,44.0,10.0,20.0,30.0,,,,,,,,,,,,,,,601.0,786.0,181.46,395.54,411.85,302.86,448.23,680.43,1000.0,,,,,,,,,,,,,,,,,,,,,,,,,,,,,,,,,,,,,,,,,,,,,,,,,,,,,,,True,True
CZ,Czechia,2012,10505445.0,5347235.0,108449.0,53679.0,48.0,15.0,16.0,31.0,,,,,,,,,,,,,,,592.0,673.0,437.32,860.36,406.74,7.14,24.47,670.32,9.1,50.0,-20.0,3.3,,,,,,,,,,,,,,,141.0,117.5,-1.2,-97.6,-94.5,-1.5,-1.5,-14.4,5158210.0,0.9,0.3,0.3,0.6,,,,,,,,,,11.1,12.6,,,,,,8.5,16.7,7.9,0.1,0.5,13.0,,,True,True
CZ,Czechia,2013,10516125.0,5351776.0,109367.0,54066.0,51.0,6.0,12.0,18.0,,,,,,,,,,,,,,,570.0,726.0,472.98,761.46,371.05,15.29,21.41,550.46,6.2,-60.0,-25.0,-41.9,,,,,,,,,,,,,,,8.2,-11.5,-8.8,114.1,-12.5,-17.9,-3.7,7.9,5164349.0,1.0,0.1,0.2,0.3,,,,,,,,,,10.7,13.6,,,,,,9.2,14.7,7.2,0.3,0.4,10.7,,,True,True
CZ,Czechia,2014,10512419.0,5350039.0,105824.0,51947.0,45.0,12.0,9.0,21.0,32.0,59.0,2550.0,3211.0,1829.0,888.0,1351.0,185.0,34.0,185.0,,783.0,344.0,,612.0,640.0,465.85,779.82,395.52,16.31,18.35,515.8,-11.8,100.0,-25.0,16.7,,,,,,,,,,,,,,,-1.5,2.4,6.6,6.7,-14.3,-6.3,7.4,-11.8,5162380.0,0.8,0.2,0.2,0.4,0.6,1.1,47.7,60.0,16.6,25.3,3.5,0.6,3.5,11.4,12.0,35.4,,15.2,6.7,,9.0,15.1,7.7,0.3,0.4,10.0,,43.9,True,True
CZ,Czechia,2015,10538275.0,5361348.0,111529.0,55305.0,49.0,8.0,12.0,20.0,25.0,41.0,2523.0,3173.0,1802.0,928.0,1293.0,184.0,30.0,184.0,,687.0,267.0,,559.0,676.0,483.16,797.11,392.44,10.19,15.29,494.37,8.9,-33.3,33.3,-4.8,-21.9,-30.5,-1.1,-1.2,-1.5,4.5,-4.3,-0.5,-11.8,-0.5,,-12.3,-22.4,,3.7,2.2,-0.8,-37.5,-16.7,-4.2,-8.7,5.6,5176927.0,0.9,0.1,0.2,0.4,0.5,0.8,47.1,59.2,17.3,24.1,3.4,0.6,3.4,10.4,12.6,34.8,,13.3,5.2,,9.3,15.4,7.6,0.2,0.3,9.5,,38.9,True,True
CZ,Czechia,2016,10553843.0,5367513.0,108066.0,52930.0,36.0,10.0,17.0,27.0,28.0,48.0,2116.0,2681.0,1740.0,739.0,1073.0,156.0,38.0,156.0,,642.0,280.0,,602.0,604.0,553.46,841.93,468.87,13.25,28.54,550.41,-26.5,25.0,41.7,35.0,12.0,17.1,-16.1,-15.5,-3.4,-20.4,-17.0,-15.2,26.7,-15.2,,-6.6,4.9,,14.6,5.6,19.5,30.0,86.7,11.3,7.7,-10.7,5186330.0,0.7,0.2,0.3,0.5,0.5,0.9,39.4,49.9,13.8,20.0,2.9,0.7,2.9,11.2,11.3,33.5,,12.4,5.4,,10.7,16.2,9.0,0.3,0.6,10.6,,43.6,True,True
CZ,Czechia,2017,10578820.0,5378133.0,111607.0,54975.0,30.0,7.0,13.0,20.0,25.0,41.0,2209.0,2404.0,1984.0,731.0,1147.0,174.0,72.0,168.0,,590.0,267.0,,494.0,582.0,532.04,817.42,447.44,22.42,31.6,558.54,-16.7,-30.0,-23.5,-25.9,-10.7,-14.6,4.4,-10.3,14.0,-1.1,6.9,11.5,89.5,7.7,,-8.1,-4.6,,-3.9,-2.9,-4.6,69.2,10.7,1.5,-17.9,-3.6,5200687.0,0.6,0.1,0.2,0.4,0.5,0.8,41.1,44.7,13.6,21.3,3.2,1.3,3.1,9.2,10.8,38.1,,11.3,5.1,,10.2,15.7,8.6,0.4,0.6,10.7,,45.3,True,True
CZ,Czechia,2018,10610055.0,5390264.0,113127.0,55645.0,,0.0,0.0,0.0,23.0,45.0,2102.0,2259.0,1892.0,552.0,889.0,119.0,91.0,178.0,,578.0,259.0,,0.0,0.0,540.15,802.08,441.3,22.42,34.65,547.29,,-100.0,-100.0,-100.0,-8.0,9.8,-4.8,-6.0,-4.6,-24.5,-22.5,-31.6,26.4,6.0,,-2.0,-3.0,,1.5,-1.9,-1.4,0.0,9.7,-2.0,-100.0,-100.0,5219791.0,,0.0,0.0,0.0,0.4,0.8,39.0,41.9,10.2,16.5,2.2,1.7,3.3,0.0,0.0,36.2,,11.1,5.0,,10.3,15.4,8.5,0.4,0.7,10.5,,44.8,True,True
CZ,Czechia,2019,10649800.0,5405606.0,112665.0,55052.0,49.0,7.0,12.0,19.0,,,,,,,,,,,,,,,383.0,0.0,573.74,777.55,456.54,22.42,32.61,555.39,,inf,inf,inf,,,,,,,,,,,,,,,6.2,-3.1,3.5,0.0,-5.9,1.5,inf,,5244194.0,0.9,0.1,0.2,0.4,,,,,,,,,,7.1,0.0,,,,,,10.9,14.8,8.7,0.4,0.6,10.6,,,True,True
CZ,Czechia,2020,10693939.0,5421943.0,129690.0,62774.0,58.0,7.0,14.0,21.0,,,,,,,,,,,,,,,328.0,0.0,460.57,679.65,418.8,41.78,41.78,496.24,18.4,0.0,16.7,10.5,,,,,,,,,,,,,,,-19.7,-12.6,-8.3,86.4,28.1,-10.7,-14.4,,5271996.0,1.1,0.1,0.3,0.4,,,,,,,,,,6.0,0.0,,,,,,8.7,12.9,7.9,0.8,0.8,9.4,,,True,True
CZ,Czechia,2021,10494836.0,5426674.0,,,43.0,,,,,,,,,,,,,,,,,,431.0,,,,,,,,-25.9,,,,,,,,,,,,,,,,,,,,,,,,31.4,,5068162.0,0.8,,,,,,,,,,,,,7.9,,,,,,,,,,,,,,,True,True
CZ,Czechia,2022,10516707.0,,,,56.0,,,,,,,,,,,,,,,,,,,,,,,,,,30.2,,,,,,,,,,,,,,,,,,,,,,,,,,,,,,,,,,,,,,,,,,,,,,,,,,,,,,,True,True
DK,Denmark,2011,5560628.0,,52379.0,26534.0,15.0,,,,,,,,,,,,,,,,,,744.0,903.0,212.44,274.61,0.0,200.0,308.81,0.0,-73.2,,,,,,,,,,,,,,,,,,,,,,,,,,,,,,,,,,,,,,,,,,,,,,,,,,,,,,,False,False
DK,Denmark,2012,5580516.0,2813740.0,52135.0,26349.0,16.0,,,,,,,,,,,,,,,,,,747.0,869.0,233.13,294.26,0.0,204.12,320.17,0.0,6.7,,,,,,,,,,,,,,,,,,9.7,7.2,,2.1,3.7,,0.4,-3.8,2766776.0,0.6,,,,,,,,,,,,,26.5,30.9,,,,,,8.4,10.6,0.0,7.4,11.6,0.0,,,False,False
DK,Denmark,2013,5602628.0,2823776.0,52289.0,26264.0,13.0,,,,,,,,,,,,,,,,,,685.0,849.0,214.45,276.61,0.0,219.63,243.46,0.0,-18.8,,,,,,,,,,,,,,,,,,-8.0,-6.0,,7.6,-24.0,,-8.3,-2.3,2778852.0,0.5,,,,,,,,,,,,,24.3,30.1,,,,,,7.7,10.0,0.0,7.9,8.8,0.0,,,False,False
DK,Denmark,2014,5627235.0,2834956.0,51150.0,25577.0,31.0,,,,,29.0,,,,,,,,256.0,,,,,699.0,1283.0,188.52,275.53,0.0,282.78,337.68,0.0,138.5,,,,,,,,,,,,,,,,,,-12.1,-0.4,,28.8,38.7,,2.0,51.1,2792279.0,1.1,,,,,1.0,,,,,,,9.0,24.7,45.3,,,,,,6.8,9.9,0.0,10.1,12.1,0.0,,,False,False
DK,Denmark,2015,5659715.0,2848701.0,52397.0,26216.0,24.0,,,,,22.0,,,,,,,,287.0,,,,,839.0,1263.0,204.01,288.93,267.18,308.6,362.45,124.27,-22.6,,,,,-24.1,,,,,,,,12.1,,,,,8.2,4.9,inf,9.1,7.3,inf,20.0,-1.6,2811014.0,0.8,,,,,0.8,,,,,,,10.1,29.5,44.3,,,,,,7.3,10.3,9.5,11.0,12.9,4.4,,,False,False
DK,Denmark,2016,5707251.0,2869364.0,52675.0,26355.0,23.0,,,,,16.0,,,,,,,,510.0,,,,,1168.0,1759.0,233.96,300.22,357.16,308.5,376.83,138.72,-4.2,,,,,-27.3,,,,,,,,77.7,,,,,14.7,3.9,33.7,-0.0,4.0,11.6,39.2,39.3,2837887.0,0.8,,,,,0.6,,,,,,,17.8,40.7,61.3,,,,,,8.2,10.6,12.6,10.9,13.3,4.9,,,False,False
DK,Denmark,2017,5748769.0,2888591.0,53076.0,26366.0,20.0,,,,,15.0,,,,,,,,564.0,,,,,1439.0,1814.0,230.8,323.94,425.37,317.73,451.24,149.03,-13.0,,,,,-6.2,,,,,,,,10.6,,,,,-1.4,7.9,19.1,3.0,19.7,7.4,23.2,3.1,2860178.0,0.7,,,,,0.5,,,,,,,19.5,49.8,62.8,,,,,,8.1,11.3,14.9,11.1,15.8,5.2,,,False,False
DK,Denmark,2018,5781190.0,2904717.0,55053.0,27181.0,20.0,,,,,16.0,,,,,,,,645.0,,,,,1687.0,2010.0,218.34,359.06,453.23,379.76,480.13,162.46,0.0,,,,,6.7,,,,,,,,14.4,,,,,-5.4,10.8,6.5,19.5,6.4,9.0,17.2,10.8,2876473.0,0.7,,,,,0.6,,,,,,,22.2,58.1,69.2,,,,,,7.6,12.5,15.8,13.2,16.7,5.6,,,False,False
DK,Denmark,2019,5806081.0,2917008.0,53777.0,26410.0,27.0,,,,,,,,,,,,,,,,,,1811.0,2308.0,259.69,354.87,468.68,625.94,795.62,202.78,35.0,,,,,,,,,,,,,,,,,,18.9,-1.2,3.4,64.8,65.7,24.8,7.4,14.8,2889073.0,0.9,,,,,,,,,,,,,62.1,79.1,,,,,,9.0,12.3,16.2,21.7,27.5,7.0,,,False,False
DK,Denmark,2020,5822763.0,2925845.0,,,17.0,,,,,,,,,,,,,,,,,,1728.0,2457.0,274.15,364.15,485.19,516.23,639.33,196.56,-37.0,,,,,,,,,,,,,,,,,,5.6,2.6,3.5,-17.5,-19.6,-3.1,-4.6,6.5,2896918.0,0.6,,,,,,,,,,,,,59.1,84.0,,,,,,9.5,12.6,16.7,17.8,22.1,6.8,,,False,False
DK,Denmark,2021,5840045.0,2935188.0,,,,,,,,,,,,,,,,,,,,,,,,,,,,,,,,,,,,,,,,,,,,,,,,,,,,,,,2904857.0,,,,,,,,,,,,,,,,,,,,,,,,,,,,,False,False
DK,Denmark,2022,5873420.0,,,,,,,,,,,,,,,,,,,,,,,,,,,,,,,,,,,,,,,,,,,,,,,,,,,,,,,,,,,,,,,,,,,,,,,,,,,,,,,,,,,,,False,False
EE,Estonia,2011,1329660.0,,15252.0,7762.0,14.0,,,,,,,,,,,,,,,,,,0.0,0.0,20.9,0.0,0.0,33.68,0.0,0.0,,,,,,,,,,,,,,,,,,,,,,,,,,,,,,,,,,,,,,,,,,,,,,,,,,,,,,,,False,False
EE,Estonia,2012,1325217.0,707079.0,15481.0,7854.0,17.0,,,,,,,,,,,,,,,,,,0.0,0.0,33.69,0.0,0.0,24.4,0.0,0.0,21.4,,,,,,,,,,,,,,,,,,61.2,,,-27.6,,,,,618138.0,2.4,,,,,,,,,,,,,0.0,0.0,,,,,,5.5,0.0,0.0,3.9,0.0,0.0,,,False,False
EE,Estonia,2013,1320174.0,704007.0,15408.0,8050.0,18.0,,,,,,,,,,,,,,,,,,0.0,0.0,38.36,0.0,0.0,38.36,0.0,0.0,5.9,,,,,,,,,,,,,,,,,,13.9,,,57.2,,,,,616167.0,2.6,,,,,,,,,,,,,0.0,0.0,,,,,,6.2,0.0,0.0,6.2,0.0,0.0,,,False,False
EE,Estonia,2014,1315819.0,700900.0,15489.0,8011.0,9.0,,,,3.0,10.0,,,,,,,,,51.0,,,,0.0,0.0,25.58,0.0,0.0,11.629999999999999,0.0,0.0,-50.0,,,,,,,,,,,,,,,,,,-33.3,,,-69.7,,,,,614919.0,1.3,,,,0.4,1.4,,,,,,,,0.0,0.0,,8.3,,,,4.2,0.0,0.0,1.9,0.0,0.0,,,False,False
EE,Estonia,2015,1314870.0,700166.0,15344.0,8060.0,10.0,,,,6.0,10.0,0.82,,0.88,,,,,,55.0,,,,0.0,0.0,53.480000000000004,0.0,0.0,38.37,43.019999999999996,0.0,11.1,,,,100.0,0.0,,,,,,,,,7.8,,,,109.1,,,229.9,inf,,,,614704.0,1.4,,,,0.9,1.4,0.1,,,,,,,0.0,0.0,0.1,8.9,,,,8.7,0.0,0.0,6.2,7.0,0.0,,,False,False
EE,Estonia,2016,1315944.0,699236.0,15319.0,8007.0,9.0,,,,4.0,9.0,0.83,,0.89,,,,,,47.0,,,,0.0,0.0,38.35,0.0,0.0,12.78,40.68,0.0,-10.0,,,,-33.3,-10.0,1.2,,1.1,,,,,,-14.5,,,,-28.3,,,-66.7,-5.4,,,,616708.0,1.3,,,,0.6,1.3,0.1,,,,,,,0.0,0.0,0.1,7.6,,,,6.2,0.0,0.0,2.1,6.6,0.0,,,False,False
EE,Estonia,2017,1315635.0,698097.0,15478.0,8158.0,8.0,,,,6.0,14.0,0.79,,0.86,,,,,,72.0,,,,0.0,0.0,31.37,0.0,0.0,40.67,53.45,0.0,-11.1,,,,50.0,55.6,-4.8,,-3.4,,,,,,53.2,,,,-18.2,,,218.2,31.4,,,,617538.0,1.1,,,,0.9,2.0,0.1,,,,,,,0.0,0.0,0.1,11.7,,,,5.1,0.0,0.0,6.6,8.7,0.0,,,False,False
EE,Estonia,2018,1319133.0,698049.0,15650.0,8269.0,5.0,,,,3.0,9.0,0.8,,0.87,,,8.0,,71.0,123.0,,461.0,116.0,0.0,0.0,45.28,52.25,0.0,42.96,35.99,0.0,-37.5,,,,-50.0,-35.7,1.3,,1.2,,,,,,70.8,,,,44.3,inf,,5.6,-32.7,,,,621084.0,0.7,,,,0.4,1.3,0.1,,,,1.1,,10.2,0.0,0.0,0.1,19.8,,74.2,18.7,7.3,8.4,0.0,6.9,5.8,0.0,,,False,False
EE,Estonia,2019,1324820.0,699185.0,15234.0,8068.0,6.0,,,,,,,,,,,,,,,,,,0.0,0.0,51.03,68.43,0.0,24.36,31.32,0.0,20.0,,,,,,,,,,,,,,,,,,12.7,31.0,,-43.3,-13.0,,,,625635.0,0.9,,,,,,,,,,,,,0.0,0.0,,,,,,8.2,10.9,0.0,3.9,5.0,0.0,,,False,False
EE,Estonia,2020,1328976.0,699699.0,,,10.0,,,,,,,,,,,,,,,,,,0.0,0.0,53.31,53.31,0.0,37.09,44.04,0.0,66.7,,,,,,,,,,,,,,,,,,4.5,-22.1,,52.3,40.6,,,,629277.0,1.4,,,,,,,,,,,,,0.0,0.0,,,,,,8.5,8.5,0.0,5.9,7.0,0.0,,,False,False
EE,Estonia,2021,1330068.0,699153.0,,,,,,,,,,,,,,,,,,,,,,,,,,,,,,,,,,,,,,,,,,,,,,,,,,,,,,,630915.0,,,,,,,,,,,,,,,,,,,,,,,,,,,,,False,False
EE,Estonia,2022,1331796.0,,,,,,,,,,,,,,,,,,,,,,,,,,,,,,,,,,,,,,,,,,,,,,,,,,,,,,,,,,,,,,,,,,,,,,,,,,,,,,,,,,,,,False,False
FI,Finland,2011,5375276.0,,50434.0,25250.0,37.0,7.0,21.0,28.0,,32.0,,,,,,,,,,,,,855.0,1415.0,132.85,154.65,665.29,375.86,460.41,1378.33,,,,,,,,,,,,,,,,,,,,,,,,,,,,,,,,,,,,,,,,,,,,,,,,,,,,,,,,True,False
FI,Finland,2012,5401267.0,2748733.0,51581.0,26084.0,40.0,14.0,16.0,30.0,,29.0,,,,,,,,,,,,,921.0,1446.0,195.09,260.46,780.35,360.55,448.15,1913.52,8.1,100.0,-23.8,7.1,,-9.4,,,,,,,,,,,,,46.8,68.4,17.3,-4.1,-2.7,38.8,7.7,2.2,2652534.0,1.5,0.5,0.6,1.1,,1.1,,,,,,,,33.5,52.6,,,,,,7.4,9.8,29.4,13.6,16.9,72.1,,,True,False
FI,Finland,2013,5426674.0,2760052.0,51378.0,25841.0,24.0,3.0,14.0,17.0,,21.0,,,,,,,,,,,,,869.0,1375.0,152.51,188.83,825.85,342.38,413.96,1322.81,-40.0,-78.6,-12.5,-43.3,,-27.6,,,,,,,,,,,,,-21.8,-27.5,5.8,-5.0,-7.6,-30.9,-5.6,-4.9,2666622.0,0.9,0.1,0.5,0.6,,0.8,,,,,,,,31.5,49.8,,,,,,5.7,7.1,31.0,12.8,15.5,49.6,,,True,False
FI,Finland,2014,5451270.0,2770906.0,52312.0,26438.0,27.0,3.0,15.0,18.0,15.0,25.0,4930.0,5546.0,4900.0,3799.0,1047.0,77.0,6.0,388.0,128.0,,,,892.0,1100.0,150.41,241.69,739.6,402.48,473.01,1428.37,12.5,0.0,7.1,5.9,,19.0,,,,,,,,,,,,,-1.4,28.0,-10.4,17.6,14.3,8.0,2.6,-20.0,2680364.0,1.0,0.1,0.5,0.6,0.5,0.9,177.9,200.2,137.1,37.8,2.8,0.2,14.0,32.2,39.7,182.8,4.8,,,,5.6,9.0,27.6,15.0,17.6,53.3,,,True,False
FI,Finland,2015,5471753.0,2779890.0,52177.0,26500.0,16.0,3.0,7.0,10.0,6.0,16.0,5040.0,5459.0,5006.0,3834.0,1112.0,88.0,6.0,414.0,98.0,,,,937.0,1466.0,165.94,217.8,838.02,376.49,445.97,1343.11,-40.7,0.0,-53.3,-44.4,-60.0,-36.0,2.2,-1.6,2.2,0.9,6.2,14.3,0.0,6.7,-23.4,,,,10.3,-9.9,13.3,-6.5,-5.7,-6.0,5.0,33.3,2691863.0,0.6,0.1,0.3,0.4,0.2,0.6,181.3,196.4,137.9,40.0,3.2,0.2,14.9,33.7,52.7,186.0,3.6,,,,6.2,8.1,31.1,14.0,16.6,49.9,,,True,False
FI,Finland,2016,5487308.0,2785818.0,53870.0,27001.0,22.0,4.0,12.0,16.0,11.0,20.0,5157.0,5622.0,5111.0,3893.0,1152.0,101.0,10.0,416.0,108.0,,,,1016.0,1710.0,211.55,286.22,849.32,362.96,423.1,1249.61,37.5,33.3,71.4,60.0,83.3,25.0,2.3,3.0,2.1,1.5,3.6,14.8,66.7,0.5,10.2,,,,27.5,31.4,1.3,-3.6,-5.1,-7.0,8.4,16.6,2701490.0,0.8,0.1,0.4,0.6,0.4,0.7,185.1,201.8,139.7,41.4,3.6,0.4,14.9,36.5,61.4,189.2,4.0,,,,7.8,10.6,31.4,13.4,15.7,46.3,,,True,False
FI,Finland,2017,5503297.0,2790970.0,53558.0,26827.0,30.0,5.0,16.0,21.0,14.0,23.0,5002.0,5365.0,4981.0,3632.0,1269.0,83.0,17.0,412.0,107.0,,,,1096.0,1539.0,189.75,279.95,964.29,363.94,434.45,1177.88,36.4,25.0,33.3,31.2,27.3,15.0,-3.0,-4.6,-2.5,-6.7,10.2,-17.8,70.0,-1.0,-0.9,,,,-10.3,-2.2,13.5,0.3,2.7,-5.7,7.9,-10.0,2712327.0,1.1,0.2,0.6,0.8,0.5,0.8,179.2,192.2,130.1,45.5,3.0,0.6,14.8,39.3,55.1,183.6,3.9,,,,7.0,10.3,35.6,13.4,16.0,43.4,,,True,False
FI,Finland,2018,5513130.0,2793999.0,54425.0,27343.0,24.0,3.0,16.0,19.0,18.0,22.0,4924.0,5487.0,4900.0,3680.0,1123.0,109.0,9.0,507.0,50.0,,,,1199.0,1860.0,186.62,257.12,815.94,367.02,411.6,1140.45,-20.0,-40.0,0.0,-9.5,28.6,-4.3,-1.6,2.3,-1.6,1.3,-11.5,31.3,-47.1,23.1,-53.3,,,,-1.6,-8.2,-15.4,0.8,-5.3,-3.2,9.4,20.9,2719131.0,0.9,0.1,0.6,0.7,0.6,0.8,176.2,196.4,131.7,40.2,3.9,0.3,18.1,42.9,66.6,180.2,1.8,,,,6.9,9.5,30.0,13.5,15.1,41.9,,,True,False
FI,Finland,2019,5517919.0,2794629.0,53834.0,26867.0,30.0,4.0,15.0,19.0,,23.0,,,,,,,,,,,,,1310.0,2140.0,193.87,278.88,1094.78,341.08,403.28,1510.5,25.0,33.3,-6.2,0.0,,4.5,,,,,,,,,,,,,3.9,8.5,34.2,-7.1,-2.0,32.4,9.3,15.1,2723290.0,1.1,0.1,0.5,0.7,,0.8,,,,,,,,46.9,76.6,,,,,,7.1,10.2,40.2,12.5,14.8,55.5,,,True,False
FI,Finland,2020,5525292.0,2797030.0,55421.0,27523.0,,0.0,0.0,0.0,,19.0,,,,,,,,,,,,,1352.0,2162.0,172.08,248.8,1307.22,322.4,385.64,1401.56,,-100.0,-100.0,-100.0,,-17.4,,,,,,,,,,,,,-11.2,-10.8,19.4,-5.5,-4.4,-7.2,3.2,1.0,2728262.0,,0.0,0.0,0.0,,0.7,,,,,,,,48.3,77.3,,,,,,6.3,9.1,47.9,11.8,14.1,51.4,,,True,False
FI,Finland,2021,5533793.0,2799985.0,,28502.0,,,,,,24.0,,,,,,,,,,,,,,,,,,,,,,,,,,26.3,,,,,,,,,,,,,,,,,,,,,2733808.0,,,,,,0.9,,,,,,,,,,,,,,,,,,,,,,,True,False
FI,Finland,2022,5548241.0,,,,,,,,,,,,,,,,,,,,,,,,,,,,,,,,,,,,,,,,,,,,,,,,,,,,,,,,,,,,,,,,,,,,,,,,,,,,,,,,,,,,,True,False
FR,France,2011,64978721.0,,546543.0,267700.0,,0.0,0.0,0.0,,,,,,,,,,,,,,,0.0,0.0,1244.94,4107.01,7171.72,5300.79,6860.74,7507.79,,,,,,,,,,,,,,,,,,,,,,,,,,,,,,,,,,,,,,,,,,,,,,,,,,,,,,,,True,False
FR,France,2012,65276983.0,33671600.0,571464.0,283339.0,,0.0,0.0,0.0,,,,,,,,,,,,,,,0.0,0.0,1255.96,3729.76,7342.16,5272.63,6352.03,9379.58,,,,,,,,,,,,,,,,,,,0.9,-9.2,2.4,-0.5,-7.4,24.9,,,31605383.0,,0.0,0.0,0.0,,,,,,,,,,0.0,0.0,,,,,,4.0,11.8,23.2,16.7,20.1,29.7,,,True,False
FR,France,2013,65600350.0,33827685.0,569328.0,281922.0,,0.0,0.0,0.0,,,,,,,,,,,,,,,0.0,0.0,1183.71,3756.79,7643.98,4841.19,6014.87,9610.15,,,,,,,,,,,,,,,,,,,-5.8,0.7,4.1,-8.2,-5.3,2.5,,,31772665.0,,0.0,0.0,0.0,,,,,,,,,,0.0,0.0,,,,,,3.7,11.8,24.1,15.2,18.9,30.2,,,True,False
FR,France,2014,66165980.0,34120851.0,559393.0,277036.0,,0.0,0.0,0.0,134.0,,,,,,,,,,,,,,0.0,0.0,905.82,1888.88,8159.47,4450.85,4850.09,10461.66,,,,,,,,,,,,,,,,,,,-23.5,-49.7,6.7,-8.1,-19.4,8.9,,,32045129.0,,0.0,0.0,0.0,0.4,,,,,,,,,0.0,0.0,,,,,,2.8,5.9,25.5,13.9,15.1,32.6,,,True,False
FR,France,2015,66458153.0,34283895.0,593730.0,296755.0,361.0,52.0,82.0,134.0,122.0,278.0,,,,70738.0,,,,,2958.0,17375.0,16418.0,,10729.0,95.0,884.74,3440.66,8636.74,4542.07,5009.52,11210.7,,inf,inf,inf,-9.0,,,,,,,,,,,,,,-2.3,82.2,5.8,2.0,3.3,7.2,inf,inf,32174258.0,1.1,0.2,0.2,0.4,0.4,0.8,,,206.3,,,,,31.3,0.3,,9.2,54.0,51.0,,2.7,10.7,26.8,14.1,15.6,34.8,,94.5,True,False
FR,France,2016,66638391.0,34391005.0,593723.0,296856.0,311.0,40.0,94.0,134.0,123.0,337.0,96730.0,96730.0,,73190.0,20990.0,2550.0,,6766.0,,16916.0,16954.0,,13050.0,19041.0,979.03,3848.9,9587.64,5092.74,7354.74,12196.71,-13.9,-23.1,14.6,0.0,0.8,21.2,,,,3.5,,,,,,-2.6,3.3,,10.7,11.9,11.0,12.1,46.8,8.8,21.6,19943.2,32247386.0,0.9,0.1,0.3,0.4,0.4,1.0,281.3,281.3,212.8,61.0,7.4,,19.7,37.9,55.4,,,52.5,52.6,,3.0,11.9,29.7,15.8,22.8,37.8,,100.2,True,False
FR,France,2017,66809816.0,34495464.0,606354.0,305360.0,311.0,52.0,101.0,153.0,130.0,267.0,98570.0,98570.0,,73900.0,21850.0,2820.0,,7771.0,,16829.0,16896.0,,14899.0,21179.0,990.05,4080.59,10510.42,5237.16,7621.51,12826.57,0.0,30.0,7.4,14.2,5.7,-20.8,1.9,1.9,,1.0,4.1,10.6,,14.9,,-0.5,-0.3,,1.1,6.0,9.6,2.8,3.6,5.2,14.2,11.2,32314352.0,0.9,0.2,0.3,0.4,0.4,0.8,285.7,285.7,214.2,63.3,8.2,,22.5,43.2,61.4,,,52.1,52.3,,3.1,12.6,32.5,16.2,23.6,39.7,,100.4,True,False
FR,France,2018,67026224.0,34611994.0,,,244.0,42.0,83.0,125.0,,,,,,,,,,,,,,,17558.0,25614.0,957.95,4570.06,12120.35,5278.23,7993.58,14600.91,-21.5,-19.2,-17.8,-18.3,,,,,,,,,,,,,,,-3.2,12.0,15.3,0.8,4.9,13.8,17.8,20.9,32414230.0,0.7,0.1,0.2,0.4,,,,,,,,,,50.7,74.0,,,,,,3.0,14.1,37.4,16.3,24.7,45.0,,,True,False
FR,France,2019,67290471.0,34701745.0,,,285.0,35.0,111.0,146.0,,,,,,,,,,,,,,,20694.0,28165.0,1061.26,4964.24,13312.87,5465.78,8567.3,15790.47,16.8,-16.7,33.7,16.8,,,,,,,,,,,,,,,10.8,8.6,9.8,3.6,7.2,8.1,17.9,10.0,32588726.0,0.8,0.1,0.3,0.4,,,,,,,,,,59.6,81.2,,,,,,3.3,15.2,40.9,16.8,26.3,48.5,,,True,False
FR,France,2020,67485531.0,34787547.0,655660.0,328140.0,240.0,44.0,104.0,148.0,,,,,,,,,,,,,,,23057.0,27405.0,739.27,5094.61,14266.72,4648.24,8089.79,14990.94,-15.8,25.7,-6.3,1.4,,,,,,,,,,,,,,,-30.3,2.6,7.2,-15.0,-5.6,-5.1,11.4,-2.7,32697984.0,0.7,0.1,0.3,0.4,,,,,,,,,,66.3,78.8,,,,,,2.3,15.6,43.6,14.2,24.7,45.8,,,True,False
FR,France,2021,67656682.0,34939338.0,639710.0,317990.0,,,,,,,,,,,,,,,,,,,,,,,,,,,,,,,,,,,,,,,,,,,,,,,,,,,,,32717344.0,,,,,,,,,,,,,,,,,,,,,,,,,,,,,True,False
FR,France,2022,67842582.0,,,,,,,,,,,,,,,,,,,,,,,,,,,,,,,,,,,,,,,,,,,,,,,,,,,,,,,,,,,,,,,,,,,,,,,,,,,,,,,,,,,,,True,False
DE,Germany,2011,80222065.0,,853095.0,444945.0,338.0,69.0,159.0,228.0,,,,,,,,,,,,,,,7220.0,26792.0,740.89,1020.6,6434.4,5848.91,7266.53,19413.49,,,,,,,,,,,,,,,,,,,,,,,,,,,,,,,,,,,,,,,,,,,,,,,,,,,,,,,,True,False
DE,Germany,2012,80327900.0,41097953.0,871615.0,453785.0,296.0,69.0,113.0,182.0,,,,,,,,,,,,,,,7754.0,26501.0,669.7,954.43,6718.08,6047.38,7496.06,18284.49,-12.4,0.0,-28.9,-20.2,,,,,,,,,,,,,,,-9.6,-6.5,4.4,3.4,3.2,-5.8,7.4,-1.1,39229947.0,0.7,0.2,0.3,0.4,,,,,,,,,,18.9,64.5,,,,,,1.7,2.4,17.1,15.4,19.1,46.6,,,True,False
DE,Germany,2013,80523746.0,41142770.0,896287.0,465038.0,328.0,78.0,146.0,224.0,,,,,,,,,,,,,,,7153.0,26177.0,592.5,820.08,6218.75,5825.76,7209.26,18246.22,10.8,13.0,29.2,23.1,,,,,,,,,,,,,,,-11.5,-14.1,-7.4,-3.7,-3.8,-0.2,-7.8,-1.2,39380976.0,0.8,0.2,0.4,0.5,,,,,,,,,,17.4,63.6,,,,,,1.5,2.1,15.8,14.8,18.3,46.3,,,True,False
DE,Germany,2014,80767463.0,41210540.0,870812.0,446964.0,339.0,75.0,167.0,242.0,,,,,,,,,,,,,,,7048.0,25497.0,561.42,798.01,6101.39,5972.06,7461.82,18131.72,3.4,-3.8,14.4,8.0,,,,,,,,,,,,,,,-5.2,-2.7,-1.9,2.5,3.5,-0.6,-1.5,-2.6,39556923.0,0.8,0.2,0.4,0.6,,,,,,,,,,17.1,61.9,,,,,,1.4,2.0,15.4,15.1,18.9,45.8,,,True,False
DE,Germany,2015,81197537.0,41362080.0,927866.0,476588.0,327.0,71.0,139.0,210.0,135.0,315.0,104290.0,,95825.0,77678.0,24402.0,2410.0,,127.0,,,,,6732.0,25370.0,565.42,810.03,5837.62,5810.55,7329.35,17671.25,-3.5,-5.3,-16.8,-13.2,,,,,,,,,,,,,,,0.7,1.5,-4.3,-2.7,-1.8,-2.5,-4.5,-0.5,39835457.0,0.8,0.2,0.3,0.5,0.3,0.8,252.1,,187.8,59.0,5.8,,0.3,16.3,61.3,240.6,,,,,1.4,2.0,14.7,14.6,18.4,44.4,,,True,False
DE,Germany,2016,82175684.0,41661561.0,913523.0,463486.0,469.0,74.0,164.0,238.0,155.0,454.0,108956.0,,90920.0,82029.0,24396.0,2531.0,,,,,,,7622.0,27145.0,527.3,739.82,6408.78,5679.99,7127.55,19226.34,43.4,4.2,18.0,13.3,14.8,44.1,4.5,,-5.1,5.6,-0.0,5.0,,,,,,,-6.7,-8.7,9.8,-2.2,-2.8,8.8,13.2,7.0,40514123.0,1.1,0.2,0.4,0.6,0.4,1.1,261.5,,196.9,58.6,6.1,,,18.3,65.2,224.4,,,,,1.3,1.8,15.8,14.0,17.6,47.5,,,True,False
DE,Germany,2017,82521653.0,41824535.0,934717.0,475322.0,380.0,78.0,153.0,231.0,147.0,366.0,113965.0,,93494.0,82317.0,28869.0,2705.0,74.0,,,,,,7831.0,24702.0,1081.65,0.0,6932.99,2720.67,0.0,18583.55,-19.0,5.4,-6.7,-2.9,-5.2,-19.4,4.6,,2.8,0.4,18.3,6.9,,,,,,,105.1,-100.0,8.2,-52.1,-100.0,-3.3,2.7,-9.0,40697118.0,0.9,0.2,0.4,0.6,0.4,0.9,272.5,,196.8,69.0,6.5,0.2,,18.7,59.1,229.7,,,,,2.7,0.0,17.0,6.7,0.0,45.7,,,True,False
DE,Germany,2018,82792351.0,41948786.0,957564.0,485711.0,367.0,77.0,127.0,204.0,122.0,353.0,114393.0,,93813.0,82567.0,28657.0,3086.0,83.0,1997.0,,,,,8600.0,29691.0,1124.75,0.0,7725.87,3392.29,0.0,22994.16,-3.4,-1.3,-17.0,-11.7,-17.0,-3.6,0.4,,0.3,0.3,-0.7,14.1,12.2,,,,,,4.0,,11.4,24.7,,23.7,9.8,20.2,40843565.0,0.9,0.2,0.3,0.5,0.3,0.8,272.7,,196.8,68.3,7.4,0.2,4.8,20.5,70.8,229.7,,,,,2.8,0.0,18.9,8.3,0.0,56.3,,,True,False
DE,Germany,2019,83019213.0,42052522.0,942309.0,474536.0,276.0,64.0,123.0,187.0,117.0,255.0,104805.0,,89705.0,74520.0,26515.0,2478.0,63.0,,,,,,9029.0,28925.0,1177.87,0.0,8161.87,3710.03,0.0,22813.55,-24.8,-16.9,-3.1,-8.3,-4.1,-27.8,-8.4,,-4.4,-9.7,-7.5,-19.7,-24.1,,,,,,4.7,,5.6,9.4,,-0.8,5.0,-2.6,40966691.0,0.7,0.2,0.3,0.4,0.3,0.6,249.2,,177.2,63.1,5.9,0.1,,21.5,68.8,219.0,,,,,2.9,0.0,19.9,9.1,0.0,55.7,,,True,False
DE,Germany,2020,83166711.0,42129098.0,988008.0,493503.0,357.0,79.0,146.0,225.0,139.0,310.0,109233.0,,92904.0,78294.0,26905.0,2677.0,71.0,,,,,,9597.0,28143.0,1261.07,0.0,8693.13,3805.25,0.0,22293.19,29.3,23.4,18.7,20.3,18.8,21.6,4.2,,3.6,5.1,1.5,8.0,12.7,,,,,,7.1,,6.5,2.6,,-2.3,6.3,-2.7,41037613.0,0.8,0.2,0.3,0.5,0.3,0.7,259.3,,185.8,63.9,6.4,0.2,,22.8,66.8,226.4,,,,,3.1,0.0,21.2,9.3,0.0,54.3,,,True,False
DE,Germany,2021,83155031.0,42128512.0,,,337.0,0.0,0.0,0.0,,287.0,,,,,,,,,,,,,8611.0,26983.0,,,8558.0,,,22486.0,-5.6,-100.0,-100.0,-100.0,,-7.4,,,,,,,,,,,,,,,-1.6,,,0.9,-10.3,-4.1,41026519.0,0.8,0.0,0.0,0.0,,0.7,,,,,,,,20.4,64.0,,,,,,,,20.9,,,54.8,,,True,False
DE,Germany,2022,83237124.0,,,,,,,,,,,,,,,,,,,,,,,,,,,,,,,,,,,,,,,,,,,,,,,,,,,,,,,,,,,,,,,,,,,,,,,,,,,,,,,,,,,,,True,False
EL,Greece,2011,11123392.0,,111099.0,53100.0,32.0,0.0,0.0,0.0,12.0,31.0,,2005.0,,,,,,226.0,,,,,226.0,0.0,0.0,0.0,0.0,0.0,0.0,0.0,,,,,,,,,,,,,,,,,,,,,,,,,,,,,,,,,,,,,,,,,,,,,,,,,,,,,,,,False,False
EL,Greece,2012,11086406.0,5662522.0,116668.0,56533.0,39.0,0.0,0.0,0.0,6.0,40.0,1630.0,2455.0,1620.0,,,,,234.0,,,,,234.0,0.0,0.0,0.0,0.0,0.0,0.0,0.0,21.9,,,,-50.0,29.0,,22.4,,,,,,3.5,,,,,,,,,,,3.5,,5423884.0,0.7,0.0,0.0,0.0,0.1,0.7,28.8,43.4,,,,,4.1,4.1,0.0,29.9,,,,,0.0,0.0,0.0,0.0,0.0,0.0,,,False,False
EL,Greece,2013,11003615.0,5637364.0,111793.0,54163.0,50.0,0.0,0.0,0.0,13.0,52.0,1818.0,2896.0,1886.0,,,,,222.0,,,,,222.0,0.0,0.0,0.0,0.0,0.0,0.0,0.0,28.2,,,,116.7,30.0,11.5,18.0,16.4,,,,,-5.1,,,,,,,,,,,-5.1,,5366251.0,0.9,0.0,0.0,0.0,0.2,0.9,32.2,51.4,,,,,3.9,3.9,0.0,35.1,,,,,0.0,0.0,0.0,0.0,0.0,0.0,,,False,False
EL,Greece,2014,10926807.0,5613568.0,113740.0,55194.0,27.0,0.0,0.0,0.0,12.0,27.0,2302.0,3512.0,2351.0,,,191.0,,194.0,,1461.0,,,194.0,0.0,0.0,0.0,0.0,0.0,0.0,0.0,-46.0,,,,-7.7,-48.1,26.6,21.3,24.7,,,,,-12.6,,,,,,,,,,,-12.6,,5313239.0,0.5,0.0,0.0,0.0,0.2,0.5,41.0,62.6,,,3.4,,3.5,3.5,0.0,44.2,,27.5,,,0.0,0.0,0.0,0.0,0.0,0.0,,,False,False
EL,Greece,2015,10858018.0,5589628.0,121485.0,59535.0,30.0,0.0,11.0,11.0,11.0,30.0,2321.0,3572.0,2428.0,,,259.0,,183.0,,1977.0,,,183.0,0.0,0.0,0.0,0.0,0.0,0.0,0.0,11.1,,inf,inf,-8.3,11.1,0.8,1.7,3.3,,,35.6,,-5.7,,35.3,,,,,,,,,-5.7,,5268390.0,0.5,0.0,0.2,0.2,0.2,0.5,41.5,63.9,,,4.6,,3.3,3.3,0.0,46.1,,37.5,,,0.0,0.0,0.0,0.0,0.0,0.0,,,False,False
EL,Greece,2016,10783748.0,5559538.0,118952.0,58320.0,26.0,0.0,13.0,13.0,13.0,26.0,2696.0,3839.0,2891.0,,,263.0,,217.0,17.0,2890.0,634.0,104.0,217.0,0.0,0.0,0.0,236.44,0.0,0.0,0.0,-13.3,,18.2,18.2,18.2,-13.3,16.2,7.5,19.1,,,1.5,,18.6,,46.2,,,,,inf,,,,18.6,,5224210.0,0.5,0.0,0.2,0.2,0.2,0.5,48.5,69.1,,,4.7,,3.9,3.9,0.0,55.3,0.3,55.3,12.1,2.0,0.0,0.0,4.5,0.0,0.0,0.0,3.6,21.9,False,False
EL,Greece,2017,10768193.0,5546916.0,124522.0,61341.0,23.0,0.0,7.0,7.0,7.0,23.0,3196.0,3134.0,2395.0,,,224.0,,215.0,45.0,3628.0,797.0,104.0,223.0,2.0,0.0,0.0,248.67,0.0,0.0,0.0,-11.5,,-46.2,-46.2,-46.2,-11.5,18.5,-18.4,-17.2,,,-14.8,,-0.9,164.7,25.5,25.7,0.0,,,5.2,,,,2.8,inf,5221277.0,0.4,0.0,0.1,0.1,0.1,0.4,57.6,56.5,,,4.0,,3.9,4.0,0.0,45.9,0.9,69.5,15.3,2.0,0.0,0.0,4.8,0.0,0.0,0.0,2.9,22.0,False,False
EL,Greece,2018,10741165.0,5531125.0,120363.0,58919.0,29.0,0.0,0.0,0.0,13.0,29.0,3815.0,4722.0,4202.0,,,,,204.0,33.0,4082.0,785.0,81.0,142.0,0.0,0.0,0.0,223.2,0.0,0.0,0.0,26.1,,-100.0,-100.0,85.7,26.1,19.4,50.7,75.4,,,,,-5.1,-26.7,12.5,-1.5,-22.1,,,-10.2,,,,-36.3,-100.0,5210040.0,0.5,0.0,0.0,0.0,0.2,0.5,69.0,85.4,,,,,3.7,2.6,0.0,80.7,0.6,78.3,15.1,1.6,0.0,0.0,4.3,0.0,0.0,0.0,2.0,19.2,False,False
EL,Greece,2019,10724599.0,5516306.0,125016.0,61887.0,19.0,0.0,0.0,0.0,8.0,19.0,4171.0,5220.0,4618.0,1717.0,1420.0,32.0,,217.0,46.0,4097.0,1320.0,79.0,148.0,0.0,0.0,0.0,190.59,0.0,0.0,0.0,-34.5,,,,-38.5,-34.5,9.3,10.5,9.9,,,,,6.4,39.4,0.4,68.2,-2.5,,,-14.6,,,,4.2,,5208293.0,0.3,0.0,0.0,0.0,0.1,0.3,75.6,94.6,31.1,25.7,0.6,,3.9,2.7,0.0,88.7,0.9,78.7,25.3,1.5,0.0,0.0,3.7,0.0,0.0,0.0,1.9,32.2,False,False
EL,Greece,2020,10718565.0,5503077.0,130288.0,64488.0,18.0,5.0,4.0,9.0,8.0,18.0,4264.0,5669.0,4436.0,3609.0,2906.0,69.0,,202.0,57.0,3132.0,656.0,90.0,202.0,0.0,0.0,0.0,165.11,0.0,0.0,0.0,-5.3,inf,inf,inf,0.0,-5.3,2.2,8.6,-3.9,110.2,104.6,115.6,,-6.9,23.9,-23.6,-50.3,13.9,,,-13.4,,,,36.5,,5215488.0,0.3,0.1,0.1,0.2,0.1,0.3,77.5,103.0,65.6,52.8,1.3,,3.7,3.7,0.0,85.1,1.1,60.1,12.6,1.7,0.0,0.0,3.2,0.0,0.0,0.0,2.9,20.9,False,False
EL,Greece,2021,10678632.0,5482584.0,143586.0,70343.0,33.0,8.0,15.0,23.0,23.0,33.0,6704.0,8776.0,7571.0,6873.0,5350.0,141.0,,202.0,,3902.0,,126.0,202.0,,,,,,,,83.3,60.0,275.0,155.6,187.5,83.3,57.2,54.8,70.7,90.4,84.1,104.3,,0.0,,24.6,,40.0,,,,,,,0.0,,5196048.0,0.6,0.1,0.3,0.4,0.4,0.6,122.3,160.1,125.4,97.6,2.6,,3.7,3.7,,145.7,,75.1,,2.4,,,,,,,3.2,,False,False
EL,Greece,2022,10603810.0,,,,,,,,,,,,,,,,,,,,,,,,,,,,,,,,,,,,,,,,,,,,,,,,,,,,,,,,,,,,,,,,,,,,,,,,,,,,,,,,,,,,,False,False
HU,Hungary,2011,9985722.0,,128795.0,64912.0,42.0,5.0,19.0,24.0,,,,,,,,,,,,,,,187.0,339.0,78.62,99.04,267.52,240.97,205.24,464.59,,,,,,,,,,,,,,,,,,,,,,,,,,,,,,,,,,,,,,,,,,,,,,,,,,,,,,,,False,False
HU,Hungary,2012,9931925.0,5207259.0,129440.0,65936.0,58.0,10.0,28.0,38.0,,,,,,,,,,,,,,,188.0,352.0,85.78,93.95,255.29,260.4,219.55,470.76,38.1,100.0,47.4,58.3,,,,,,,,,,,,,,,9.1,-5.1,-4.6,8.1,7.0,1.3,0.5,3.8,4724666.0,1.1,0.2,0.5,0.7,,,,,,,,,,3.6,6.8,,,,,,1.8,2.0,5.4,5.5,4.6,10.0,,,False,False
HU,Hungary,2013,9908798.0,5192845.0,126778.0,64884.0,71.0,61.0,22.0,83.0,,,,,,,,,,,,,,,216.0,341.0,177.69,90.89,254.28,212.41,216.5,448.31,22.4,510.0,-21.4,118.4,,,,,,,,,,,,,,,107.1,-3.3,-0.4,-18.4,-1.4,-4.8,14.9,-3.1,4715953.0,1.4,1.2,0.4,1.6,,,,,,,,,,4.2,6.6,,,,,,3.8,1.9,5.4,4.5,4.6,9.5,,,False,False
HU,Hungary,2014,9877365.0,5173974.0,126308.0,64316.0,67.0,71.0,23.0,94.0,,,,,,,,,,,,,,,261.0,233.0,94.98,177.7,260.42,54.13,138.89,206.29,-5.6,16.4,4.5,13.3,,,,,,,,,,,,,,,-46.5,95.5,2.4,-74.5,-35.8,-54.0,20.8,-31.7,4703391.0,1.3,1.4,0.4,1.8,,,,,,,,,,5.0,4.5,,,,,,2.0,3.8,5.5,1.2,3.0,4.4,,,False,False
HU,Hungary,2015,9855571.0,5159792.0,131697.0,68152.0,102.0,61.0,3.0,64.0,,,,,,,,,,,,,,,316.0,191.0,155.24,231.83,368.69,65.36,128.68,166.47,52.2,-14.1,-87.0,-31.9,,,,,,,,,,,,,,,63.4,30.5,41.6,20.7,-7.4,-19.3,21.1,-18.0,4695779.0,2.0,1.2,0.1,1.2,,,,,,,,,,6.1,3.7,,,,,,3.3,4.9,7.9,1.4,2.7,3.5,,,False,False
HU,Hungary,2016,9830485.0,5141966.0,127053.0,64395.0,46.0,12.0,13.0,25.0,,,,,,,,,,,,,,,495.0,0.0,227.76,338.06,401.38,77.62,0.0,0.0,-54.9,-80.3,333.3,-60.9,,,,,,,,,,,,,,,46.7,45.8,8.9,18.8,-100.0,-100.0,56.6,-100.0,4688519.0,0.9,0.2,0.3,0.5,,,,,,,,,,9.6,0.0,,,,,,4.9,7.2,8.6,1.7,0.0,0.0,,,False,False
HU,Hungary,2017,9797561.0,5122270.0,131674.0,67649.0,44.0,13.0,11.0,24.0,,,,,,,,,,,,,,,460.0,0.0,222.66,293.14,345.23,64.35,0.0,0.0,-4.3,8.3,-15.4,-4.0,,,,,,,,,,,,,,,-2.2,-13.3,-14.0,-17.1,,,-7.1,,4675291.0,0.9,0.3,0.2,0.5,,,,,,,,,,9.0,0.0,,,,,,4.8,6.3,7.4,1.4,0.0,0.0,,,False,False
HU,Hungary,2018,9778371.0,5106769.0,131045.0,67029.0,43.0,4.0,11.0,15.0,,,,,,,,,,,,,,,412.0,0.0,245.14,181.81,204.28,71.5,0.0,0.0,-2.3,-69.2,0.0,-37.5,,,,,,,,,,,,,,,10.1,-38.0,-40.8,11.1,,,-10.4,,4671602.0,0.8,0.1,0.2,0.3,,,,,,,,,,8.1,0.0,,,,,,5.2,3.9,4.4,1.5,0.0,0.0,,,False,False
HU,Hungary,2019,9772756.0,5096935.0,129603.0,66617.0,31.0,8.0,15.0,23.0,17.0,63.0,361.0,,256.0,,,958.0,,238.0,,,,,294.0,0.0,233.9,272.71,315.61,67.41,0.0,0.0,-27.9,100.0,36.4,53.3,,,,,,,,,,,,,,,-4.6,50.0,54.5,-5.7,,,-28.6,,4675821.0,0.6,0.2,0.3,0.5,0.3,1.2,7.1,,,,18.8,,4.7,5.8,0.0,5.5,,,,,5.0,5.8,6.7,1.4,0.0,0.0,,,False,False
HU,Hungary,2020,9769526.0,5088736.0,141002.0,73481.0,39.0,11.0,18.0,29.0,17.0,93.0,584.0,,436.0,,,1157.0,,394.0,,,,,415.0,0.0,220.61,402.42,450.42,0.0,0.0,0.0,25.8,37.5,20.0,26.1,0.0,47.6,61.8,,70.3,,,20.8,,65.5,,,,,-5.7,47.6,42.7,-100.0,,,41.2,,4680790.0,0.8,0.2,0.4,0.6,0.3,1.8,11.5,,,,22.7,,7.7,8.2,0.0,9.3,,,,,4.7,8.6,9.6,0.0,0.0,0.0,,,False,False
HU,Hungary,2021,9730772.0,5066978.0,,78203.0,,,,,16.0,50.0,686.0,,534.0,,,1084.0,,316.0,,,,,,,,,,,,,,,,,-5.9,-46.2,17.5,,22.5,,,-6.3,,-19.8,,,,,,,,,,,,,4663794.0,,,,,0.3,1.0,13.5,,,,21.4,,6.2,,,11.4,,,,,,,,,,,,,False,False
HU,Hungary,2022,9689010.0,,,,,,,,,,,,,,,,,,,,,,,,,,,,,,,,,,,,,,,,,,,,,,,,,,,,,,,,,,,,,,,,,,,,,,,,,,,,,,,,,,,,,False,False
IE,Ireland,2011,4570881.0,,28456.0,13964.0,,,,,,,,,,,,,,,,,,,425.0,934.0,0.0,0.0,0.0,107.54,0.0,0.0,,,,,,,,,,,,,,,,,,,,,,,,,,,,,,,,,,,,,,,,,,,,,,,,,,,,,,,,False,False
IE,Ireland,2012,4589287.0,2315288.0,29186.0,14241.0,,,,,,,,,,,,,,,,,,,483.0,1077.0,0.0,0.0,0.0,72.04,0.0,0.0,,,,,,,,,,,,,,,,,,,,,,-33.0,,,13.6,15.3,2273999.0,,,,,,,,,,,,,,20.9,46.5,,,,,,0.0,0.0,0.0,3.2,0.0,0.0,,,False,False
IE,Ireland,2013,4609779.0,2326317.0,29501.0,14545.0,,,,,,,,,,,,,,,,,,,369.0,1025.0,0.0,0.0,0.0,0.0,0.0,0.0,,,,,,,,,,,,,,,,,,,,,,-100.0,,,-23.6,-4.8,2283462.0,,,,,,,,,,,,,,15.9,44.1,,,,,,0.0,0.0,0.0,0.0,0.0,0.0,,,False,False
IE,Ireland,2014,4637852.0,2342002.0,29252.0,14355.0,,,,,,,,,,,,,,480.0,13287.0,,,,429.0,1040.0,0.0,0.0,0.0,0.0,0.0,0.0,,,,,,,,,,,,,,,,,,,,,,,,,16.3,1.5,2295850.0,,,,,,,,,,,,,20.5,18.3,44.4,,578.7,,,,0.0,0.0,0.0,0.0,0.0,0.0,,,False,False
IE,Ireland,2015,4677627.0,2364285.0,30127.0,14899.0,7.0,,,,,,,,,,,,,518.0,14374.0,,,,599.0,1059.0,0.0,0.0,0.0,0.0,0.0,0.0,,,,,,,,,,,,,,7.9,8.2,,,,,,,,,,39.6,1.8,2313342.0,0.3,,,,,,,,,,,,21.9,25.3,44.8,,621.4,,,,0.0,0.0,0.0,0.0,0.0,0.0,,,False,False
IE,Ireland,2016,4726286.0,2387145.0,30667.0,15047.0,2.0,,,,,,,,,,,,,513.0,15227.0,,,,613.0,1170.0,0.0,0.0,0.0,0.0,0.0,0.0,-71.4,,,,,,,,,,,,,-1.0,5.9,,,,,,,,,,2.3,10.5,2339141.0,0.1,,,,,,,,,,,,21.5,25.7,49.0,,651.0,,,,0.0,0.0,0.0,0.0,0.0,0.0,,,False,False
IE,Ireland,2017,4784383.0,2416465.0,30418.0,14929.0,15.0,,,,,,,,,,,,,647.0,15962.0,,,,745.0,1303.0,0.0,0.0,227.21,0.0,0.0,500.27,650.0,,,,,,,,,,,,,26.1,4.8,,,,,,inf,,,inf,21.5,11.4,2367918.0,0.6,,,,,,,,,,,,26.8,30.8,53.9,,674.1,,,,0.0,0.0,9.6,0.0,0.0,21.1,,,False,False
IE,Ireland,2018,4830392.0,2438169.0,31140.0,15095.0,10.0,,,,,,,,,,,,,,,,,,902.0,1388.0,0.0,0.0,100.01,0.0,0.0,292.75,-33.3,,,,,,,,,,,,,,,,,,,,-56.0,,,-41.5,21.1,6.5,2392223.0,0.4,,,,,,,,,,,,,37.0,56.9,,,,,,0.0,0.0,4.2,0.0,0.0,12.2,,,False,False
IE,Ireland,2019,4904240.0,2475359.0,31184.0,14912.0,8.0,,,,,,,,,,,,,,,,,,939.0,1354.0,0.0,0.0,148.89,0.0,0.0,417.51,-20.0,,,,,,,,,,,,,,,,,,,,48.9,,,42.6,4.1,-2.4,2428881.0,0.3,,,,,,,,,,,,,37.9,54.7,,,,,,0.0,0.0,6.1,0.0,0.0,17.2,,,False,False
IE,Ireland,2020,4964440.0,2506783.0,31765.0,15315.0,6.0,,,,,,,,,,,,,,,,,,879.0,1130.0,0.0,0.0,252.89,0.0,0.0,459.98,-25.0,,,,,,,,,,,,,,,,,,,,69.9,,,10.2,-6.4,-16.5,2457657.0,0.2,,,,,,,,,,,,,35.1,45.1,,,,,,0.0,0.0,10.3,0.0,0.0,18.7,,,False,False
IE,Ireland,2021,5006324.0,2528521.0,33055.0,15843.0,8.0,,,,,,,,,,,,,,,,,,,,,,,,,,33.3,,,,,,,,,,,,,,,,,,,,,,,,,,2477803.0,0.3,,,,,,,,,,,,,,,,,,,,,,,,,,,,False,False
IE,Ireland,2022,5060005.0,,,,,,,,,,,,,,,,,,,,,,,,,,,,,,,,,,,,,,,,,,,,,,,,,,,,,,,,,,,,,,,,,,,,,,,,,,,,,,,,,,,,,False,False
IT,Italy,2011,59364690.0,,594153.0,305631.0,161.0,49.0,69.0,118.0,,,,,,,,,,,,,,,0.0,3987.0,1502.21,7638.51,0.0,0.0,0.0,4574.88,,,,,,,,,,,,,,,,,,,,,,,,,,,,,,,,,,,,,,,,,,,,,,,,,,,,,,,,True,False
IT,Italy,2012,59394207.0,30667608.0,613520.0,317689.0,150.0,36.0,75.0,111.0,,,,,,,,,,,,,,,0.0,3971.0,1493.18,7142.78,0.0,0.0,0.0,4320.99,-6.8,-26.5,8.7,-5.9,,,,,,,,,,,,,,,-0.6,-6.5,,,,-5.5,,-0.4,28726599.0,0.5,0.1,0.2,0.4,,,,,,,,,,0.0,12.9,,,,,,5.2,24.9,0.0,0.0,0.0,15.0,,,True,False
IT,Italy,2013,59685227.0,30795630.0,599698.0,309281.0,180.0,49.0,81.0,130.0,,,,,,,,,,,,,,,0.0,3971.0,1493.15,7142.64,0.0,0.0,0.0,4320.91,20.0,36.1,8.0,17.1,,,,,,,,,,,,,,,-0.0,-0.0,,,,-0.0,,0.0,28889597.0,0.6,0.2,0.3,0.4,,,,,,,,,,0.0,12.9,,,,,,5.2,24.7,0.0,0.0,0.0,15.0,,,True,False
IT,Italy,2014,60782668.0,31298104.0,598669.0,308870.0,153.0,33.0,82.0,115.0,81.0,138.0,,9969.0,,,9125.0,,,2607.0,1526.0,18602.0,2264.0,,0.0,3662.0,1563.28,6971.56,0.0,0.0,0.0,4326.62,-15.0,-32.7,1.2,-11.5,,,,,,,,,,,,,,,4.7,-2.4,,,,0.1,,-7.8,29484564.0,0.5,0.1,0.3,0.4,0.3,0.4,,31.9,,29.2,,,8.3,0.0,11.7,,5.2,63.1,7.7,,5.3,23.6,0.0,0.0,0.0,14.7,,12.2,True,False
IT,Italy,2015,60795612.0,31294022.0,646047.0,338656.0,143.0,39.0,73.0,112.0,73.0,138.0,,9945.0,,,8608.0,,,2455.0,1366.0,18446.0,2611.0,,0.0,3478.0,1322.47,7227.42,0.0,0.0,0.0,4017.57,-6.5,18.2,-11.0,-2.6,-9.9,0.0,,-0.2,,,-5.7,,,-5.8,-10.5,-0.8,15.3,,-15.4,3.7,,,,-7.1,,-5.0,29501590.0,0.5,0.1,0.2,0.4,0.2,0.4,,31.8,,27.5,,,7.8,0.0,11.1,,4.6,62.5,8.9,,4.5,24.5,0.0,0.0,0.0,13.6,,14.2,True,False
IT,Italy,2016,60665551.0,31209230.0,618083.0,320418.0,151.0,33.0,77.0,110.0,77.0,138.0,,9750.0,,,9098.0,,,2388.0,1461.0,19866.0,2746.0,,0.0,0.0,0.0,0.0,0.0,0.0,0.0,0.0,5.6,-15.4,5.5,-1.8,5.5,0.0,,-2.0,,,5.7,,,-2.7,7.0,7.7,5.2,,-100.0,-100.0,,,,-100.0,,-100.0,29456321.0,0.5,0.1,0.2,0.4,0.2,0.4,,31.2,,29.2,,,7.7,0.0,0.0,,5.0,67.4,9.3,,0.0,0.0,0.0,0.0,0.0,0.0,,13.8,True,False
IT,Italy,2017,60589445.0,31143704.0,650614.0,340023.0,132.0,39.0,57.0,96.0,56.0,120.0,,9887.0,,,9986.0,,,2788.0,990.0,,2897.0,2018.0,0.0,0.0,0.0,0.0,0.0,0.0,0.0,0.0,-12.6,18.2,-26.0,-12.7,-27.3,-13.0,,1.4,,,9.8,,,16.8,-32.2,,5.5,,,,,,,,,,29445741.0,0.4,0.1,0.2,0.3,0.2,0.4,,31.7,,32.1,,,9.0,0.0,0.0,,3.4,,9.8,6.9,0.0,0.0,0.0,0.0,0.0,0.0,,,True,False
IT,Italy,2018,60483973.0,31056366.0,632940.0,329961.0,141.0,36.0,75.0,111.0,74.0,128.0,,,,,,,,,,,,,0.0,0.0,0.0,0.0,0.0,0.0,0.0,0.0,6.8,-7.7,31.6,15.6,32.1,6.7,,,,,,,,,,,,,,,,,,,,,29427607.0,0.5,0.1,0.2,0.4,0.2,0.4,,,,,,,,0.0,0.0,,,,,,0.0,0.0,0.0,0.0,0.0,0.0,,,True,False
IT,Italy,2019,59816673.0,30685478.0,641456.0,333897.0,111.0,26.0,68.0,94.0,68.0,111.0,,,,,,,,,,,,,0.0,0.0,0.0,0.0,0.0,0.0,0.0,0.0,-21.3,-27.8,-9.3,-15.3,-8.1,-13.3,,,,,,,,,,,,,,,,,,,,,29131195.0,0.4,0.1,0.2,0.3,0.2,0.4,,,,,,,,0.0,0.0,,,,,,0.0,0.0,0.0,0.0,0.0,0.0,,,True,False
IT,Italy,2020,59641488.0,30591392.0,740317.0,380899.0,116.0,32.0,67.0,99.0,67.0,116.0,,,,,,,,,,,,,0.0,0.0,0.0,0.0,0.0,0.0,0.0,0.0,4.5,23.1,-1.5,5.3,-1.5,4.5,,,,,,,,,,,,,,,,,,,,,29050096.0,0.4,0.1,0.2,0.3,0.2,0.4,,,,,,,,0.0,0.0,,,,,,0.0,0.0,0.0,0.0,0.0,0.0,,,True,False
IT,Italy,2021,59236213.0,30369987.0,709035.0,,119.0,,,,70.0,119.0,,,,,,,,,,,,,,,,,,,,,2.6,,,,4.5,2.6,,,,,,,,,,,,,,,,,,,,,28866226.0,0.4,,,,0.2,0.4,,,,,,,,,,,,,,,,,,,,,,,True,False
IT,Italy,2022,58983122.0,,530145.0,,96.0,,,,,,,,,,,,,,,,,,,,,,,,,,-19.3,,,,,,,,,,,,,,,,,,,,,,,,,,,,,,,,,,,,,,,,,,,,,,,,,,,,,,,True,False
LV,Latvia,2011,2074605.0,,28614.0,14715.0,,0.0,0.0,0.0,,,,,,,,,,,,,,,0.0,0.0,55.269999999999996,8.84,38.69,24.32,0.0,145.92,,,,,,,,,,,,,,,,,,,,,,,,,,,,,,,,,,,,,,,,,,,,,,,,,,,,,,,,True,True
LV,Latvia,2012,2044813.0,1110001.0,29120.0,15255.0,37.0,3.0,2.0,5.0,,,,,,,,,,,,,,,48.0,80.0,56.46,17.71,50.92,36.53,70.85,153.87,,inf,inf,inf,,,,,,,,,,,,,,,2.2,100.3,31.6,50.2,inf,5.4,inf,inf,934812.0,3.3,0.3,0.2,0.5,,,,,,,,,,4.3,7.2,,,,,,6.0,1.9,5.4,3.9,7.6,16.5,,,True,True
LV,Latvia,2013,2023825.0,1097245.0,28735.0,15200.0,24.0,2.0,3.0,5.0,,,,,,,,,,,,,,,47.0,100.0,37.67,27.7,95.28,29.91,90.85,119.66,-35.1,-33.3,50.0,0.0,,,,,,,,,,,,,,,-33.3,56.4,87.1,-18.1,28.2,-22.2,-2.1,25.0,926580.0,2.2,0.2,0.3,0.5,,,,,,,,,,4.3,9.1,,,,,,4.1,3.0,10.3,3.2,9.8,12.9,,,True,True
LV,Latvia,2014,2001468.0,1084423.0,28257.0,14661.0,36.0,15.0,2.0,17.0,6.0,68.0,146.0,144.0,,58.0,20.0,3.0,71.0,39.0,,,,,55.0,102.0,59.89,33.27,106.47,32.16,88.72,134.19,50.0,650.0,-33.3,240.0,,,,,,,,,,,,,,,59.0,20.1,11.7,7.5,-2.3,12.1,17.0,2.0,917045.0,3.3,1.4,0.2,1.6,0.6,6.3,13.5,13.3,5.3,1.8,0.3,6.5,3.6,5.1,9.4,,,,,,6.5,3.6,11.6,3.5,9.7,14.6,,,True,True
LV,Latvia,2015,1986096.0,1074889.0,28244.0,15046.0,29.0,4.0,5.0,9.0,11.0,57.0,161.0,158.0,,45.0,40.0,2.0,80.0,28.0,,,,,48.0,92.0,45.5,21.09,86.56,43.28,81.01,146.49,-19.4,-73.3,150.0,-47.1,83.3,-16.2,10.3,9.7,,-22.4,100.0,-33.3,12.7,-28.2,,,,,-24.0,-36.6,-18.7,34.6,-8.7,9.2,-12.7,-9.8,911207.0,2.7,0.4,0.5,0.8,1.0,5.3,15.0,14.7,4.2,3.7,0.2,7.4,2.6,4.5,8.6,,,,,,5.0,2.3,9.5,4.7,8.9,16.1,,,True,True
LV,Latvia,2016,1968957.0,1064658.0,28263.0,14935.0,34.0,15.0,1.0,16.0,5.0,55.0,158.0,160.0,,47.0,46.0,2.0,74.0,26.0,,,,,81.0,54.0,57.75,97.73,128.83,23.32,46.64,71.08,17.2,275.0,-80.0,77.8,-54.5,-3.5,-1.9,1.3,,4.4,15.0,0.0,-7.5,-7.1,,,,,26.9,363.4,48.8,-46.1,-42.4,-51.5,68.8,-41.3,904299.0,3.2,1.4,0.1,1.5,0.5,5.2,14.8,15.0,4.4,4.3,0.2,7.0,2.4,7.6,5.1,,,,,,6.4,10.8,14.2,2.6,5.2,7.9,,,True,True
LV,Latvia,2017,1950116.0,1054433.0,28530.0,15063.0,42.0,9.0,5.0,14.0,7.0,40.0,162.0,169.0,,45.0,39.0,6.0,79.0,36.0,,,,,97.0,59.0,66.7,96.71000000000001,165.64,42.24,52.25,101.16,23.5,-40.0,400.0,-12.5,40.0,-27.3,2.5,5.6,,-4.3,-15.2,200.0,6.8,38.5,,,,,15.5,-1.0,28.6,81.1,12.0,42.3,19.8,9.3,895683.0,4.0,0.9,0.5,1.3,0.7,3.8,15.4,16.0,4.3,3.7,0.6,7.5,3.4,9.2,5.6,,,,,,7.4,10.8,18.5,4.7,5.8,11.3,,,True,True
LV,Latvia,2018,1934379.0,1044738.0,28576.0,15174.0,43.0,12.0,3.0,15.0,8.0,56.0,179.0,194.0,,56.0,51.0,4.0,81.0,33.0,,,,,105.0,83.0,56.730000000000004,107.9,159.07,33.37,82.32,116.8,2.4,33.3,-40.0,7.1,14.3,40.0,10.5,14.8,,24.4,30.8,-33.3,2.5,-8.3,,,,,-14.9,11.6,-4.0,-21.0,57.6,15.5,8.2,40.7,889641.0,4.1,1.1,0.3,1.4,0.8,5.4,17.1,18.6,5.4,4.9,0.4,7.8,3.2,10.1,7.9,,,,,,6.4,12.1,17.9,3.8,9.3,13.1,,,True,True
LV,Latvia,2019,1919968.0,1035059.0,27536.0,14666.0,42.0,18.0,3.0,21.0,,,,,,,,,,,,,,,88.0,72.0,70.12,101.28,136.9,58.99,70.12,99.06,-2.3,50.0,0.0,40.0,,,,,,,,,,,,,,,23.6,-6.1,-13.9,76.8,-14.8,-15.2,-16.2,-13.3,884909.0,4.1,1.7,0.3,2.0,,,,,,,,,,8.5,7.0,,,,,,7.9,11.4,15.5,6.7,7.9,11.2,,,True,True
LV,Latvia,2020,1907675.0,1026719.0,28628.0,15286.0,42.0,16.0,6.0,22.0,,,,,,,,,,,,,,,90.0,54.0,67.92,99.1,152.55,37.86,57.9,103.56,0.0,-11.1,100.0,4.8,,,,,,,,,,,,,,,-3.1,-2.2,11.4,-35.8,-17.4,4.5,2.3,-25.0,880956.0,4.1,1.6,0.6,2.1,,,,,,,,,,8.8,5.3,,,,,,7.7,11.2,17.3,4.3,6.6,11.8,,,True,True
LV,Latvia,2021,1893223.0,1017998.0,,,,,,,,,,,,,,,,,,,,,,,,,,,,,,,,,,,,,,,,,,,,,,,,,,,,,,,875225.0,,,,,,,,,,,,,,,,,,,,,,,,,,,,,True,True
LV,Latvia,2022,1875757.0,,,,,,,,,,,,,,,,,,,,,,,,,,,,,,,,,,,,,,,,,,,,,,,,,,,,,,,,,,,,,,,,,,,,,,,,,,,,,,,,,,,,,True,True
LT,Lithuania,2011,3052588.0,,40506.0,19933.0,66.0,7.0,16.0,23.0,,,,,,,,,,,,,,,145.0,135.0,148.88,176.73,178.87,190.65,187.44,213.14,,,,,,,,,,,,,,,,,,,,,,,,,,,,,,,,,,,,,,,,,,,,,,,,,,,,,,,,True,False
LT,Lithuania,2012,3003641.0,1620130.0,40478.0,20099.0,53.0,6.0,11.0,17.0,,,,,,,,,,,,,,,135.0,130.0,112.59,112.59,115.81,169.42,135.11,152.26,-19.7,-14.3,-31.2,-26.1,,,,,,,,,,,,,,,-24.4,-36.3,-35.3,-11.1,-27.9,-28.6,-6.9,-3.7,1383511.0,3.3,0.4,0.7,1.0,,,,,,,,,,8.3,8.0,,,,,,8.1,8.1,8.4,12.2,9.8,11.0,,,True,False
LT,Lithuania,2013,2971905.0,1603014.0,41057.0,20553.0,60.0,4.0,18.0,22.0,,,,,,,,,,,,,,,98.0,79.0,85.84,93.36,94.43,113.74,122.33,134.13,13.2,-33.3,63.6,29.4,,,,,,,,,,,,,,,-23.8,-17.1,-18.5,-32.9,-9.5,-11.9,-27.4,-39.2,1368891.0,3.7,0.2,1.1,1.4,,,,,,,,,,6.1,4.9,,,,,,6.3,6.8,6.9,8.3,8.9,9.8,,,True,False
LT,Lithuania,2014,2943472.0,1587477.0,39765.0,19967.0,53.0,4.0,15.0,19.0,15.0,51.0,5527.0,,,4963.0,558.0,6.0,,55.0,490.0,,,,92.0,61.0,89.12,115.96,115.96,151.4,146.03,168.58,-11.7,0.0,-16.7,-13.6,,,,,,,,,,,,,,,3.8,24.2,22.8,33.1,19.4,25.7,-6.1,-22.8,1355995.0,3.3,0.3,0.9,1.2,0.9,3.2,348.2,,312.6,35.2,0.4,,3.5,5.8,3.8,,36.1,,,,6.6,8.6,8.6,11.2,10.8,12.4,,,True,False
LT,Lithuania,2015,2921262.0,1575005.0,41226.0,21060.0,49.0,1.0,13.0,14.0,14.0,45.0,5458.0,,,4986.0,468.0,4.0,,60.0,473.0,,,,94.0,57.0,106.35,95.61,96.69,168.66,141.8,169.74,-7.5,-75.0,-13.3,-26.3,-6.7,-11.8,-1.2,,,0.5,-16.1,-33.3,,9.1,-3.5,,,,19.3,-17.5,-16.6,11.4,-2.9,0.7,2.2,-6.6,1346257.0,3.1,0.1,0.8,0.9,0.9,2.9,346.5,,316.6,29.7,0.3,,3.8,6.0,3.6,,35.1,,,,7.9,7.1,7.2,12.5,10.5,12.6,,,True,False
LT,Lithuania,2016,2888558.0,1558951.0,40627.0,20611.0,46.0,7.0,8.0,15.0,7.0,29.0,4436.0,,,3926.0,502.0,8.0,,92.0,98.0,,,,140.0,76.0,84.94,86.02,87.09,140.85,127.95,129.03,-6.1,600.0,-38.5,7.1,-50.0,-35.6,-18.7,,,-21.3,7.3,100.0,,53.3,-79.3,,,,-20.1,-10.0,-9.9,-16.5,-9.8,-24.0,48.9,33.3,1329607.0,3.0,0.4,0.5,1.0,0.4,1.9,284.6,,251.8,32.2,0.5,,5.9,9.0,4.9,,7.4,,,,6.4,6.5,6.6,10.6,9.6,9.7,,,True,False
LT,Lithuania,2017,2847904.0,1535718.0,39654.0,20668.0,26.0,7.0,3.0,10.0,3.0,22.0,4429.0,,,3940.0,486.0,3.0,,81.0,547.0,5551.0,,,141.0,77.0,82.87,108.7,110.85,144.21,103.32,104.39,-43.5,0.0,-62.5,-33.3,-57.1,-24.1,-0.2,,,0.4,-3.2,-62.5,,-12.0,458.2,,,,-2.4,26.4,27.3,2.4,-19.2,-19.1,0.7,1.3,1312186.0,1.7,0.5,0.2,0.7,0.2,1.4,288.4,,256.6,31.6,0.2,,5.3,9.2,5.0,,41.7,423.0,,,6.3,8.3,8.4,11.0,7.9,8.0,,,True,False
LT,Lithuania,2018,2808901.0,1511608.0,39078.0,20376.0,17.0,2.0,4.0,6.0,3.0,17.0,3019.0,,,2807.0,206.0,6.0,,65.0,454.0,5065.0,2229.0,1062.0,91.0,21.0,63.55,77.55,78.63,93.71,73.24,76.47,-34.6,-71.4,33.3,-40.0,0.0,-22.7,-31.8,,,-28.8,-57.6,100.0,,-19.8,-17.0,-8.8,,,-23.3,-28.7,-29.1,-35.0,-29.1,-26.7,-35.5,-72.7,1297293.0,1.1,0.1,0.3,0.4,0.2,1.1,199.7,,185.7,13.6,0.4,,4.3,6.0,1.4,,35.0,390.4,171.8,81.9,4.9,6.0,6.1,7.2,5.6,5.9,21.0,44.0,True,False
LT,Lithuania,2019,2794184.0,1498593.0,37827.0,19615.0,22.0,2.0,9.0,11.0,,,,,,,,,,,,,,,100.0,62.0,53.86,70.02,73.25,50.63,75.4,77.56,29.4,0.0,125.0,83.3,,,,,,,,,,,,,,,-15.2,-9.7,-6.8,-46.0,2.9,1.4,9.9,195.2,1295591.0,1.5,0.1,0.6,0.7,,,,,,,,,,6.7,4.1,,,,,,4.2,5.4,5.7,3.9,5.8,6.0,,,True,False
LT,Lithuania,2020,2794090.0,1489736.0,43056.0,22065.0,29.0,7.0,6.0,13.0,,,,,,,,,,,,,,,66.0,31.0,51.68,45.22,47.37,59.22,45.22,48.45,31.8,250.0,-33.3,18.2,,,,,,,,,,,,,,,-4.0,-35.4,-35.3,17.0,-40.0,-37.5,-34.0,-50.0,1304354.0,1.9,0.5,0.4,0.9,,,,,,,,,,4.4,2.1,,,,,,4.0,3.5,3.6,4.5,3.5,3.7,,,True,False
LT,Lithuania,2021,2795680.0,1482082.0,,,,,,,,,,,,,,,,,,,,,,,,,,,,,,,,,,,,,,,,,,,,,,,,,,,,,,,1313598.0,,,,,,,,,,,,,,,,,,,,,,,,,,,,,True,False
LT,Lithuania,2022,2805998.0,,,,,,,,,,,,,,,,,,,,,,,,,,,,,,,,,,,,,,,,,,,,,,,,,,,,,,,,,,,,,,,,,,,,,,,,,,,,,,,,,,,,,True,False
LU,Luxembourg,2011,511840.0,,3819.0,1931.0,0.0,,,,,,,,,,,,,,,,,,69.0,187.0,0.0,20.89,80.78,0.0,0.0,242.34,,,,,,,,,,,,,,,,,,,,,,,,,,,,,,,,,,,,,,,,,,,,,,,,,,,,,,,,False,False
LU,Luxembourg,2012,524853.0,263033.0,3821.0,1965.0,0.0,,,,,,,,,,,,,,,,,,74.0,258.0,0.0,0.0,0.0,0.0,0.0,315.08,,,,,,,,,,,,,,,,,,,,-100.0,-100.0,,,30.0,7.2,38.0,261820.0,0.0,,,,,,,,,,,,,28.1,98.1,,,,,,0.0,0.0,0.0,0.0,0.0,120.3,,,False,False
LU,Luxembourg,2013,537039.0,268627.0,3768.0,1929.0,0.0,,,,,,,,,,,,,,,,,,86.0,244.0,0.0,0.0,0.0,0.0,0.0,306.08,,,,,,,,,,,,,,,,,,,,,,,,-2.9,16.2,-5.4,268412.0,0.0,,,,,,,,,,,,,32.0,90.8,,,,,,0.0,0.0,0.0,0.0,0.0,114.0,,,False,False
LU,Luxembourg,2014,549680.0,274563.0,3802.0,1814.0,2.0,,,,,,,,,,,,,,,,,,72.0,244.0,0.0,0.0,65.45,0.0,0.0,314.96,inf,,,,,,,,,,,,,,,,,,,,inf,,,2.9,-16.3,0.0,275117.0,0.7,,,,,,,,,,,,,26.2,88.9,,,,,,0.0,0.0,23.8,0.0,0.0,114.5,,,False,False
LU,Luxembourg,2015,562958.0,280986.0,3936.0,1999.0,1.0,,,,,,,,,,,,,,,,,,63.0,225.0,0.0,0.0,73.15,47.41,155.78,279.06,-50.0,,,,,,,,,,,,,,,,,,,,11.8,inf,inf,-11.4,-12.5,-7.8,281972.0,0.4,,,,,,,,,,,,,22.4,80.1,,,,,,0.0,0.0,25.9,16.8,55.2,99.0,,,False,False
LU,Luxembourg,2016,576249.0,287056.0,3977.0,1951.0,,,,,,,,,,,,,,,,,,,112.0,229.0,20.19,75.36,111.7,67.28999999999999,1.35,211.29,,,,,,,,,,,,,,,,,,,inf,inf,52.7,41.9,-99.1,-24.3,77.8,1.8,289193.0,,,,,,,,,,,,,,39.0,79.8,,,,,,7.0,26.1,38.6,23.3,0.5,73.1,,,False,False
LU,Luxembourg,2017,590667.0,294026.0,4137.0,2075.0,,,,,,,,,,,,,,,,,,,86.0,152.0,0.0,0.0,119.0,42.79,0.0,232.66,,,,,,,,,,,,,,,,,,,-100.0,-100.0,6.5,-36.4,-100.0,10.1,-23.2,-33.6,296641.0,,,,,,,,,,,,,,29.2,51.7,,,,,,0.0,0.0,40.1,14.4,0.0,78.4,,,False,False
LU,Luxembourg,2018,602005.0,299425.0,4108.0,2043.0,,,,,,,,,,,,,,,,,,,0.0,0.0,15.97,57.21,93.13,1.33,2.66,0.0,,,,,,,,,,,,,,,,,,,inf,inf,-21.7,-96.9,inf,-100.0,-100.0,-100.0,302580.0,,,,,,,,,,,,,,0.0,0.0,,,,,,5.3,18.9,30.8,0.4,0.9,0.0,,,False,False
LU,Luxembourg,2019,613894.0,305174.0,4120.0,2034.0,,,,,,,,,,,,,,,,,,,0.0,0.0,23.83,50.31,117.83,0.0,2.65,0.0,,,,,,,,,,,,,,,,,,,49.2,-12.1,26.5,-100.0,-0.4,,,,308720.0,,,,,,,,,,,,,,0.0,0.0,,,,,,7.7,16.3,38.2,0.0,0.9,0.0,,,False,False
LU,Luxembourg,2020,626108.0,311144.0,,,,,,,,,,,,,,,,,,,,,0.0,0.0,21.08,27.67,131.75,0.0,0.0,0.0,,,,,,,,,,,,,,,,,,,-11.5,-45.0,11.8,,-100.0,,,,314964.0,,,,,,,,,,,,,,0.0,0.0,,,,,,6.7,8.8,41.8,0.0,0.0,0.0,,,False,False
LU,Luxembourg,2021,634730.0,315274.0,,,,,,,,,,,,,,,,,,,,,,,,,,,,,,,,,,,,,,,,,,,,,,,,,,,,,,,319456.0,,,,,,,,,,,,,,,,,,,,,,,,,,,,,False,False
LU,Luxembourg,2022,645397.0,,,,,,,,,,,,,,,,,,,,,,,,,,,,,,,,,,,,,,,,,,,,,,,,,,,,,,,,,,,,,,,,,,,,,,,,,,,,,,,,,,,,,False,False
MT,Malta,2011,414989.0,,3318.0,1619.0,3.0,0.0,0.0,0.0,,,,,,,,,,,,,,,18.0,48.0,0.0,8.91,0.0,0.0,0.0,62.35,,,,,,,,,,,,,,,,,,,,,,,,,,,,,,,,,,,,,,,,,,,,,,,,,,,,,,,,True,False
MT,Malta,2012,417546.0,209851.0,3463.0,1686.0,3.0,0.0,2.0,2.0,,,,,,,,,,,,,,,12.0,64.0,0.0,8.89,0.0,0.0,0.0,72.59,0.0,,inf,inf,,,,,,,,,,,,,,,,-0.2,,,,16.4,-33.3,33.3,207695.0,1.4,0.0,1.0,1.0,,,,,,,,,,5.7,30.5,,,,,,0.0,4.3,0.0,0.0,0.0,35.0,,,True,False
MT,Malta,2013,422509.0,212126.0,3304.0,1612.0,0.0,0.0,0.0,0.0,,,,,,,,,,,,,,,14.0,75.0,0.0,13.29,0.0,0.0,0.0,59.06,-100.0,,-100.0,-100.0,,,,,,,,,,,,,,,,49.5,,,,-18.6,16.7,17.2,210383.0,0.0,0.0,0.0,0.0,,,,,,,,,,6.6,35.4,,,,,,0.0,6.3,0.0,0.0,0.0,28.1,,,True,False
MT,Malta,2014,429424.0,214891.0,3326.0,1630.0,1.0,0.0,1.0,1.0,1.0,1.0,717.0,1095.0,,1366.0,1473.0,120.0,292.0,11.0,,,,,11.0,63.0,0.0,4.41,0.0,0.0,0.0,55.89,inf,,inf,inf,,,,,,,,,,,,,,,,-66.8,,,,-5.4,-21.4,-16.0,214533.0,0.5,0.0,0.5,0.5,0.5,0.5,333.7,509.6,635.7,685.5,55.8,135.9,5.1,5.1,29.3,,,,,,0.0,2.1,0.0,0.0,0.0,26.1,,,True,False
MT,Malta,2015,439691.0,219203.0,3516.0,1725.0,2.0,0.0,1.0,1.0,1.0,2.0,942.0,1195.0,,1336.0,1468.0,101.0,284.0,23.0,,,,,23.0,66.0,0.0,14.66,0.0,0.0,64.49,83.53999999999999,100.0,,0.0,0.0,0.0,100.0,31.4,9.1,,-2.2,-0.3,-15.8,-2.7,109.1,,,,,,232.4,,,inf,49.5,109.1,4.8,220488.0,0.9,0.0,0.5,0.5,0.5,0.9,429.7,545.2,609.5,669.7,46.1,129.6,10.5,10.5,30.1,,,,,,0.0,6.6,0.0,0.0,29.2,37.9,,,True,False
MT,Malta,2016,450415.0,224019.0,3409.0,1709.0,2.0,0.0,2.0,2.0,2.0,2.0,638.0,812.0,,351.0,334.0,,,26.0,,,,,26.0,53.0,0.0,0.0,0.0,0.0,0.0,0.0,0.0,,100.0,100.0,100.0,0.0,-32.3,-32.1,,-73.7,-77.2,,,13.0,,,,,,-100.0,,,-100.0,-100.0,13.0,-19.7,226396.0,0.9,0.0,0.9,0.9,0.9,0.9,284.8,362.5,156.7,149.1,,,11.6,11.6,23.7,,,,,,0.0,0.0,0.0,0.0,0.0,0.0,,,True,False
MT,Malta,2017,460297.0,228634.0,3628.0,1762.0,1.0,0.0,0.0,0.0,0.0,1.0,665.0,815.0,,360.0,344.0,,,19.0,,,,,19.0,53.0,0.0,0.0,0.0,0.0,0.0,0.0,-50.0,,-100.0,-100.0,-100.0,-50.0,4.2,0.4,,2.6,3.0,,,-26.9,,,,,,,,,,,-26.9,0.0,231663.0,0.4,0.0,0.0,0.0,0.0,0.4,290.9,356.5,157.5,150.5,,,8.3,8.3,23.2,,,,,,0.0,0.0,0.0,0.0,0.0,0.0,,,True,False
MT,Malta,2018,475701.0,235102.0,3757.0,1838.0,4.0,2.0,2.0,4.0,2.0,4.0,666.0,839.0,,354.0,363.0,,,18.0,,,,,18.0,70.0,11.33,0.0,0.0,11.33,0.0,0.0,300.0,inf,inf,inf,inf,300.0,0.2,2.9,,-1.7,5.5,,,-5.3,,,,,inf,,,inf,,,-5.3,32.1,240599.0,1.7,0.9,0.9,1.7,0.9,1.7,283.3,356.9,150.6,154.4,,,7.7,7.7,29.8,,,,,,4.7,0.0,0.0,4.7,0.0,0.0,,,True,False
MT,Malta,2019,493559.0,241723.0,3730.0,1827.0,3.0,2.0,0.0,2.0,,,,,,,,,,,,,,,29.0,75.0,11.18,0.0,0.0,11.18,0.0,0.0,-25.0,0.0,-100.0,-50.0,,,,,,,,,,,,,,,-1.3,,,-1.3,,,61.1,7.1,251836.0,1.2,0.8,0.0,0.8,,,,,,,,,,12.0,31.0,,,,,,4.4,0.0,0.0,4.4,0.0,0.0,,,True,False
MT,Malta,2020,514564.0,248802.0,,,1.0,0.0,1.0,1.0,,,,,,,,,,,,,,,19.0,61.0,11.01,0.0,0.0,26.15,0.0,0.0,-66.7,-100.0,inf,-50.0,,,,,,,,,,,,,,,-1.5,,,133.9,,,-34.5,-18.7,265762.0,0.4,0.0,0.4,0.4,,,,,,,,,,7.6,24.5,,,,,,4.1,0.0,0.0,9.8,0.0,0.0,,,True,False
MT,Malta,2021,516100.0,249161.0,,,,,,,,,,,,,,,,,,,,,,,,,,,,,,,,,,,,,,,,,,,,,,,,,,,,,,,266939.0,,,,,,,,,,,,,,,,,,,,,,,,,,,,,True,False
MT,Malta,2022,520971.0,,,,,,,,,,,,,,,,,,,,,,,,,,,,,,,,,,,,,,,,,,,,,,,,,,,,,,,,,,,,,,,,,,,,,,,,,,,,,,,,,,,,,True,False
NL,Netherlands,2011,16655799.0,,134962.0,70482.0,50.0,10.0,25.0,35.0,,,,,,,,,,,,,,,0.0,0.0,108.3,643.72,921.04,937.23,2429.11,4215.52,,,,,,,,,,,,,,,,,,,,,,,,,,,,,,,,,,,,,,,,,,,,,,,,,,,,,,,,True,False
NL,Netherlands,2012,16730348.0,8447477.0,140045.0,72906.0,50.0,5.0,21.0,26.0,,,,,,,,,,,,,,,0.0,0.0,118.41,550.57,784.36,896.7,2561.56,4103.96,0.0,-50.0,-16.0,-25.7,,,,,,,,,,,,,,,9.3,-14.5,-14.8,-4.3,5.5,-2.6,,,8282871.0,0.6,0.1,0.2,0.3,,,,,,,,,,0.0,0.0,,,,,,1.4,6.6,9.5,10.8,30.9,49.5,,,True,False
NL,Netherlands,2013,16779575.0,8472236.0,141174.0,72885.0,56.0,8.0,27.0,35.0,,,,,,,,,,,,,,,0.0,0.0,300.58,1066.69,703.37,217.59,824.81,1021.15,12.0,60.0,28.6,34.6,,,,,,,,,,,,,,,153.8,93.7,-10.3,-75.7,-67.8,-75.1,,,8307339.0,0.7,0.1,0.3,0.4,,,,,,,,,,0.0,0.0,,,,,,3.6,12.8,8.5,2.6,9.9,12.3,,,True,False
NL,Netherlands,2014,16829289.0,8494904.0,138174.0,72102.0,30.0,5.0,16.0,21.0,16.0,31.0,,,,,,,,,,,,,0.0,0.0,267.17,973.54,643.63,202.4,768.11,878.41,-46.4,-37.5,-40.7,-40.0,,,,,,,,,,,,,,,-11.1,-8.7,-8.5,-7.0,-6.9,-14.0,,,8334385.0,0.4,0.1,0.2,0.2,0.2,0.4,,,,,,,,0.0,0.0,,,,,,3.2,11.7,7.7,2.4,9.2,10.5,,,True,False
NL,Netherlands,2015,16900726.0,8527868.0,146297.0,76105.0,42.0,11.0,22.0,33.0,23.0,43.0,,,,,,,,,,,,,0.0,0.0,274.24,880.39,619.31,161.91,651.69,817.65,40.0,120.0,37.5,57.1,43.8,38.7,,,,,,,,,,,,,2.6,-9.6,-3.8,-20.0,-15.2,-6.9,,,8372858.0,0.5,0.1,0.3,0.4,0.3,0.5,,,,,,,,0.0,0.0,,,,,,3.3,10.5,7.4,1.9,7.8,9.8,,,True,False
NL,Netherlands,2016,16979120.0,8561985.0,148129.0,76817.0,32.0,7.0,19.0,26.0,21.0,34.0,,,,,,,,,,,,,0.0,0.0,267.14,962.3,571.71,177.08,762.96,905.63,-23.8,-36.4,-13.6,-21.2,-8.7,-20.9,,,,,,,,,,,,,-2.6,9.3,-7.7,9.4,17.1,10.8,,,8417135.0,0.4,0.1,0.2,0.3,0.2,0.4,,,,,,,,0.0,0.0,,,,,,3.2,11.4,6.8,2.1,9.1,10.8,,,True,False
NL,Netherlands,2017,17081507.0,8606405.0,149477.0,77553.0,43.0,9.0,17.0,26.0,18.0,46.0,,,,,,,,,,,,,0.0,0.0,269.14,899.49,609.1,194.27,669.81,833.72,34.4,28.6,-10.5,0.0,-14.3,35.3,,,,,,,,,,,,,0.7,-6.5,6.5,9.7,-12.2,-7.9,,,8475102.0,0.5,0.1,0.2,0.3,0.2,0.5,,,,,,,,0.0,0.0,,,,,,3.2,10.6,7.2,2.3,7.9,9.8,,,True,False
NL,Netherlands,2018,17181084.0,8654043.0,152652.0,78841.0,36.0,3.0,28.0,31.0,,,,,,,,,,,,,,,0.0,0.0,299.47,853.9,600.97,199.31,708.21,878.18,-16.3,-66.7,64.7,19.2,,,,,,,,,,,,,,,11.3,-5.1,-1.3,2.6,5.7,5.3,,,8527041.0,0.4,0.0,0.3,0.4,,,,,,,,,,0.0,0.0,,,,,,3.5,10.0,7.0,2.3,8.3,10.3,,,True,False
NL,Netherlands,2019,17282163.0,8701077.0,151013.0,77453.0,42.0,9.0,22.0,31.0,,,,,,,,,,,,,,,0.0,0.0,278.2,900.37,661.62,233.69,684.89,797.18,16.7,200.0,-21.4,0.0,,,,,,,,,,,,,,,-7.1,5.4,10.1,17.2,-3.3,-9.2,,,8581086.0,0.5,0.1,0.3,0.4,,,,,,,,,,0.0,0.0,,,,,,3.2,10.5,7.7,2.7,8.0,9.3,,,True,False
NL,Netherlands,2020,17407585.0,8759554.0,168203.0,84361.0,44.0,15.0,24.0,39.0,,,,,,,,,,,,,,,0.0,0.0,264.02,887.14,491.62,209.39,595.81,530.06,4.8,66.7,9.1,25.8,,,,,,,,,,,,,,,-5.1,-1.5,-25.7,-10.4,-13.0,-33.5,,,8648031.0,0.5,0.2,0.3,0.4,,,,,,,,,,0.0,0.0,,,,,,3.1,10.3,5.7,2.4,6.9,6.1,,,True,False
NL,Netherlands,2021,17475415.0,8788879.0,,85203.0,37.0,,,,,,,,,,,,,,,,,,,,,,,,,,-15.9,,,,,,,,,,,,,,,,,,,,,,,,,,8686536.0,0.4,,,,,,,,,,,,,,,,,,,,,,,,,,,,True,False
NL,Netherlands,2022,17590672.0,,,,,,,,,,,,,,,,,,,,,,,,,,,,,,,,,,,,,,,,,,,,,,,,,,,,,,,,,,,,,,,,,,,,,,,,,,,,,,,,,,,,,True,False
PL,Poland,2011,38062718.0,,376150.0,177541.0,,,,,,,,,,,,,,,,,,,0.0,0.0,727.93,884.77,884.77,221.19,0.0,0.0,,,,,,,,,,,,,,,,,,,,,,,,,,,,,,,,,,,,,,,,,,,,,,,,,,,,,,,,False,False
PL,Poland,2012,38063792.0,19636496.0,385456.0,182914.0,,,,,,,,,,,,,,,,,,,0.0,0.0,767.14,0.0,846.57,255.38,0.0,0.0,,,,,,,,,,,,,,,,,,,5.4,-100.0,-4.3,15.5,,,,,18427296.0,,,,,,,,,,,,,,0.0,0.0,,,,,,4.2,0.0,4.6,1.4,0.0,0.0,,,False,False
PL,Poland,2013,38062535.0,19636442.0,387988.0,185852.0,,,,,,,,,,,,,,,,,,,0.0,0.0,431.33,0.0,404.18,144.78,0.0,179.97,,,,,,,,,,,,,,,,,,,-43.8,,-52.3,-43.3,,inf,,,18426093.0,,,,,,,,,,,,,,0.0,0.0,,,,,,2.3,0.0,2.2,0.8,0.0,1.0,,,False,False
PL,Poland,2014,38017856.0,19613892.0,377182.0,180915.0,91.0,,,,,,72786.0,,72791.0,,,,,,,,,,0.0,0.0,415.24,0.0,421.28,133.72,0.0,179.97,,,,,,,,,,,,,,,,,,,-3.7,,4.2,-7.6,,0.0,,,18403964.0,0.5,,,,,,371.1,,,,,,,0.0,0.0,395.5,,,,,2.3,0.0,2.3,0.7,0.0,1.0,,,False,False
PL,Poland,2015,38005614.0,19608451.0,395578.0,190668.0,108.0,,,,,,69376.0,,70484.0,,,,,,,,,,0.0,0.0,396.14,0.0,344.86,126.68,0.0,181.98,18.7,,,,,,-4.7,,-3.2,,,,,,,,,,-4.6,,-18.1,-5.3,,1.1,,,18397163.0,0.6,,,,,,353.8,,,,,,,0.0,0.0,383.1,,,,,2.2,0.0,1.9,0.7,0.0,1.0,,,False,False
PL,Poland,2016,37967209.0,19590169.0,388677.0,186068.0,71.0,,,,,71.0,66930.0,,68321.0,,,,,752.0,,,,,752.0,483.0,411.23,0.0,371.01,145.79,0.0,218.18,-34.3,,,,,,-3.5,,-3.1,,,,,,,,,,3.8,,7.6,15.1,,19.9,inf,inf,18377040.0,0.4,,,,,0.4,341.7,,,,,,3.8,3.8,2.5,371.8,,,,,2.2,0.0,2.0,0.8,0.0,1.2,,,False,False
PL,Poland,2017,37972964.0,19595127.0,403559.0,195391.0,94.0,,,,,192.0,67984.0,,70035.0,,,,,679.0,,,,,679.0,420.0,402.18,0.0,399.16,143.78,0.0,198.07,32.4,,,,,170.4,1.6,,2.5,,,,,-9.7,,,,,-2.2,,7.6,-1.4,,-9.2,-9.7,-13.0,18377837.0,0.5,,,,,1.0,346.9,,,,,,3.5,3.5,2.1,381.1,,,,,2.2,0.0,2.2,0.8,0.0,1.1,,,False,False
PL,Poland,2018,37976687.0,19596388.0,414941.0,200762.0,83.0,,,,,168.0,65057.0,,67306.0,,,,,,,,,,730.0,390.0,376.03,0.0,445.41,155.84,0.0,174.95,-11.7,,,,,-12.5,-4.3,,-3.9,,,,,,,,,,-6.5,,11.6,8.4,,-11.7,7.5,-7.1,18380299.0,0.4,,,,,0.9,332.0,,,,,,,3.7,2.0,366.2,,,,,2.0,0.0,2.4,0.8,0.0,1.0,,,False,False
PL,Poland,2019,37972812.0,19592436.0,410564.0,198530.0,80.0,,,,,,88032.0,,,,,,,1365.0,,,,,694.0,548.0,441.39,0.0,410.22,157.85,0.0,202.09,-3.6,,,,,,35.3,,,,,,,,,,,,17.4,,-7.9,1.3,,15.5,-4.9,40.5,18380376.0,0.4,,,,,,449.3,,,,,,7.0,3.5,2.8,,,,,,2.4,0.0,2.2,0.9,0.0,1.1,,,False,False
PL,Poland,2020,37958138.0,19584757.0,477355.0,227611.0,89.0,,,,,217.0,62866.0,,,,,,,1004.0,,,,,546.0,321.0,0.0,0.0,333.81,0.0,0.0,174.95,11.3,,,,,,-28.6,,,,,,,-26.4,,,,,-100.0,,-18.6,-100.0,,-13.4,-21.3,-41.4,18373381.0,0.5,,,,,1.1,321.0,,,,,,5.1,2.8,1.6,,,,,,0.0,0.0,1.8,0.0,0.0,1.0,,,False,False
PL,Poland,2021,37840001.0,19532513.0,519517.0,250859.0,,,,,,176.0,55112.0,,,,,,,1066.0,,,,,,,,,,,,,,,,,,-18.9,-12.3,,,,,,,6.2,,,,,,,,,,,,,18307488.0,,,,,,0.9,282.2,,,,,,5.5,,,,,,,,,,,,,,,,False,False
PL,Poland,2022,37654247.0,,,,,,,,,,,,,,,,,,,,,,,,,,,,,,,,,,,,,,,,,,,,,,,,,,,,,,,,,,,,,,,,,,,,,,,,,,,,,,,,,,,,,False,False
PT,Portugal,2011,10572721.0,,103203.0,50414.0,,,,,,,,,,,,,,,,,,,162.0,1177.0,89.74,128.49,142.77,331.43,496.64,954.52,,,,,,,,,,,,,,,,,,,,,,,,,,,,,,,,,,,,,,,,,,,,,,,,,,,,,,,,False,False
PT,Portugal,2012,10542398.0,5511961.0,107969.0,53256.0,,,,,,,,,,,,,,,,,,,186.0,1165.0,88.73,135.64,149.92,396.73,573.17,927.07,,,,,,,,,,,,,,,,,,,-1.1,5.6,5.0,19.7,15.4,-2.9,14.8,-1.0,5030437.0,,,,,,,,,,,,,,3.4,21.1,,,,,,1.8,2.7,3.0,7.9,11.4,18.4,,,False,False
PT,Portugal,2013,10487289.0,5491592.0,106886.0,52472.0,,,,,,,,,,,,,,,,,,,150.0,1230.0,79.56,125.46,162.18,374.35,535.51,949.64,,,,,,,,,,,,,,,,,,,-10.3,-7.5,8.2,-5.6,-6.6,2.4,-19.4,5.6,4995697.0,,,,,,,,,,,,,,2.7,22.4,,,,,,1.6,2.5,3.2,7.5,10.7,19.0,,,False,False
PT,Portugal,2014,10427301.0,5469281.0,105219.0,51721.0,,,,,,,,,,,,,,169.0,,618.0,1199.0,,169.0,1240.0,76.51,124.46,146.9,319.31,440.71,957.94,,,,,,,,,,,,,,,,,,,-3.8,-0.8,-9.4,-14.7,-17.7,0.9,12.7,0.8,4958020.0,,,,,,,,,,,,,3.1,3.1,22.7,,,12.5,24.2,,1.5,2.5,3.0,6.4,8.9,19.3,,194.0,False,False
PT,Portugal,2015,10374822.0,5451156.0,108922.0,54529.0,,,,,,,,26815.0,,,,,,173.0,,750.0,1906.0,,173.0,1274.0,89.79,145.9,144.88,433.63,553.01,957.05,,,,,,,,,,,,,,2.4,,21.4,59.0,,17.4,17.2,-1.4,35.8,25.5,-0.1,2.4,2.7,4923666.0,,,,,,,,491.9,,,,,3.2,3.2,23.4,,,15.2,38.7,,1.8,3.0,2.9,8.8,11.2,19.4,,254.1,False,False
PT,Portugal,2016,10341330.0,5439821.0,110970.0,55105.0,,,,,,,,27011.0,,,,,,165.0,,730.0,1849.0,,165.0,1314.0,108.16,152.04,147.96,404.08,537.75,1006.12,,,,,,,,0.7,,,,,,-4.6,,-2.7,-3.0,,20.5,4.2,2.1,-6.8,-2.8,5.1,-4.6,3.1,4901509.0,,,,,,,,496.5,,,,,3.0,3.0,24.2,,,14.9,37.7,,2.2,3.1,3.0,8.2,11.0,20.5,,253.3,False,False
PT,Portugal,2017,10309573.0,5427117.0,110191.0,54789.0,,,,,,,,26746.0,,,,,,183.0,,703.0,1967.0,,183.0,1363.0,77.56,156.13,157.15,409.21,552.08,948.03,,,,,,,,-1.0,,,,,,10.9,,-3.7,6.4,,-28.3,2.7,6.2,1.3,2.7,-5.8,10.9,3.7,4882456.0,,,,,,,,492.8,,,,,3.4,3.4,25.1,,,14.4,40.3,,1.6,3.2,3.2,8.4,11.3,19.4,,279.8,False,False
PT,Portugal,2018,10291027.0,5423335.0,113573.0,56475.0,,,,,,,,26432.0,,,,,,,,803.0,2223.0,,215.0,1391.0,76.54,134.71,162.27,377.6,529.66,978.7,,,,,,,,-1.2,,,,,,,,14.2,13.0,,-1.3,-13.7,3.3,-7.7,-4.1,3.2,17.5,2.1,4867692.0,,,,,,,,487.4,,,,,,4.0,25.6,,,16.5,45.7,,1.6,2.8,3.3,7.8,10.9,20.1,,276.8,False,False
PT,Portugal,2019,10276617.0,5424251.0,112334.0,56120.0,,,,,,,,,,,,,,,,,,,188.0,1502.0,89.81,151.05,154.11,396.0,536.84,1008.36,,,,,,,,,,,,,,,,,,,17.3,12.1,-5.0,4.9,1.4,3.0,-12.6,8.0,4852366.0,,,,,,,,,,,,,,3.5,27.7,,,,,,1.9,3.1,3.2,8.2,11.1,20.8,,,False,False
PT,Portugal,2020,10295909.0,5435932.0,,,,,,,,,,,,,,,,,,,,,159.0,1397.0,91.85,130.63,118.39,364.35,467.42,919.54,,,,,,,,,,,,,,,,,,,2.3,-13.5,-23.2,-8.0,-12.9,-8.8,-15.4,-7.0,4859977.0,,,,,,,,,,,,,,2.9,25.7,,,,,,1.9,2.7,2.4,7.5,9.6,18.9,,,False,False
PT,Portugal,2021,10298252.0,5439503.0,,,,,,,,,,,,,,,,,,,,,,,,,,,,,,,,,,,,,,,,,,,,,,,,,,,,,,,4858749.0,,,,,,,,,,,,,,,,,,,,,,,,,,,,,False,False
PT,Portugal,2022,10352042.0,,,,,,,,,,,,,,,,,,,,,,,,,,,,,,,,,,,,,,,,,,,,,,,,,,,,,,,,,,,,,,,,,,,,,,,,,,,,,,,,,,,,,False,False
RO,Romania,2011,20199059.0,,251471.0,119262.0,,0.0,0.0,0.0,,,,,,,,,,,,,,,0.0,0.0,485.61,483.6,0.0,188.79,215.04,0.0,,,,,,,,,,,,,,,,,,,,,,,,,,,,,,,,,,,,,,,,,,,,,,,,,,,,,,,,False,False
RO,Romania,2012,20095996.0,10318889.0,253716.0,121308.0,,0.0,0.0,0.0,,,,,,,,,,,,,,,0.0,0.0,421.27,440.46,0.0,222.25,248.52,0.0,,,,,,,,,,,,,,,,,,,-13.2,-8.9,,17.7,15.6,,,,9777107.0,,0.0,0.0,0.0,,,,,,,,,,0.0,0.0,,,,,,4.3,4.5,0.0,2.3,2.5,0.0,,,False,False
RO,Romania,2013,20020074.0,10258594.0,246681.0,117935.0,,0.0,0.0,0.0,,,,,,,,,,,,,,,0.0,0.0,359.65,467.74,0.0,238.42,293.98,0.0,,,,,,,,,,,,,,,,,,,-14.6,6.2,,7.3,18.3,,,,9761480.0,,0.0,0.0,0.0,,,,,,,,,,0.0,0.0,,,,,,3.7,4.8,0.0,2.4,3.0,0.0,,,False,False
RO,Romania,2014,19947311.0,10201259.0,251701.0,120448.0,,0.0,0.0,0.0,,,,,,,,,,,3572.0,,,,0.0,0.0,421.28,649.6,0.0,4.04,20.21,0.0,,,,,,,,,,,,,,,,,,,17.1,38.9,,-98.3,-93.1,,,,9746052.0,,0.0,0.0,0.0,,,,,,,,,,0.0,0.0,,36.7,,,,4.3,6.7,0.0,0.0,0.2,0.0,,,False,False
RO,Romania,2015,19870647.0,10163573.0,258981.0,124456.0,,0.0,0.0,0.0,,,16632.0,,,,,,,,4393.0,,,,0.0,0.0,403.11,0.0,0.0,18.19,0.0,0.0,,,,,,,,,,,,,,,23.0,,,,-4.3,-100.0,,350.2,-100.0,,,,9707074.0,,0.0,0.0,0.0,,,163.6,,,,,,,0.0,0.0,,45.3,,,,4.2,0.0,0.0,0.2,0.0,0.0,,,False,False
RO,Romania,2016,19760585.0,10110852.0,255387.0,121895.0,,0.0,0.0,0.0,,,19164.0,,,,,,,,5739.0,,,,0.0,0.0,0.0,0.0,0.0,21.22,0.0,0.0,,,,,,,15.2,,,,,,,,30.6,,,,-100.0,,,16.7,,,,,9649733.0,,0.0,0.0,0.0,,,189.5,,,,,,,0.0,0.0,,59.5,,,,0.0,0.0,0.0,0.2,0.0,0.0,,,False,False
RO,Romania,2017,19643949.0,10041869.0,259157.0,124252.0,89.0,0.0,52.0,52.0,,,20282.0,,,,,,,,6629.0,,,,654.0,53.0,288.98,0.0,0.0,33.34,0.0,0.0,,,inf,inf,,,5.8,,,,,,,,15.5,,,,inf,,,57.1,,,inf,inf,9602080.0,0.9,0.0,0.5,0.5,,,202.0,,,,,,,6.5,0.5,,69.0,,,,3.0,0.0,0.0,0.3,0.0,0.0,,,False,False
RO,Romania,2018,19533481.0,9978614.0,261512.0,124638.0,82.0,0.0,0.0,0.0,,,22529.0,,,,,,,,8203.0,,,,557.0,48.0,424.4,0.0,0.0,29.3,0.0,0.0,-7.9,,-100.0,-100.0,,,11.1,,,,,,,,23.7,,,,46.9,,,-12.1,,,-14.8,-9.4,9554867.0,0.8,0.0,0.0,0.0,,,225.8,,,,,,,5.6,0.5,,85.9,,,,4.4,0.0,0.0,0.3,0.0,0.0,,,False,False
RO,Romania,2019,19414458.0,9914008.0,257035.0,122451.0,71.0,0.0,0.0,0.0,,,,,,,,,,,,,,,555.0,120.0,380.97,0.0,0.0,71.75,0.0,0.0,-13.4,,,,,,,,,,,,,,,,,,-10.2,,,144.9,,,-0.4,150.0,9500450.0,0.7,0.0,0.0,0.0,,,,,,,,,,5.6,1.2,,,,,,4.0,0.0,0.0,0.8,0.0,0.0,,,False,False
RO,Romania,2020,19328838.0,9868177.0,,,96.0,0.0,0.0,0.0,,,,,,,,,,,,,,,680.0,130.0,368.86,0.0,0.0,78.82,0.0,0.0,35.2,,,,,,,,,,,,,,,,,,-3.2,,,9.9,,,22.5,8.3,9460661.0,1.0,0.0,0.0,0.0,,,,,,,,,,6.9,1.3,,,,,,3.9,0.0,0.0,0.8,0.0,0.0,,,False,False
RO,Romania,2021,19201662.0,9814072.0,,,,,,,,,,,,,,,,,,,,,,,,,,,,,,,,,,,,,,,,,,,,,,,,,,,,,,,9387590.0,,,,,,,,,,,,,,,,,,,,,,,,,,,,,False,False
RO,Romania,2022,19038098.0,,,,,,,,,,,,,,,,,,,,,,,,,,,,,,,,,,,,,,,,,,,,,,,,,,,,,,,,,,,,,,,,,,,,,,,,,,,,,,,,,,,,,False,False
RS,Serbia,2011,7251549.0,,102769.0,50750.0,39.0,,,,,,,,,,,,,,,,,,114.0,264.0,110.5,0.0,85.35,67.92,0.0,298.21,,,,,,,,,,,,,,,,,,,,,,,,,,,,,,,,,,,,,,,,,,,,,,,,,,,,,,,,False,False
RS,Serbia,2012,7216649.0,3702229.0,102184.0,50402.0,38.0,,,,,,,,,,,,,,,,,,103.0,272.0,123.69,161.47,93.59,70.97,0.0,258.14,-2.6,,,,,,,,,,,,,,,,,,11.9,inf,9.7,4.5,,-13.4,-9.6,3.0,3514420.0,1.0,,,,,,,,,,,,,2.8,7.3,,,,,,3.5,4.6,2.7,2.0,0.0,7.3,,,False,False
RS,Serbia,2013,7181505.0,3684497.0,100059.0,49300.0,47.0,,,,,,,,,,,,,,,,,,72.0,118.0,142.97,201.6,91.55,85.37,138.86,295.21,23.7,,,,,,,,,,,,,,,,,,15.6,24.9,-2.2,20.3,inf,14.4,-30.1,-56.6,3497008.0,1.3,,,,,,,,,,,,,2.0,3.2,,,,,,4.1,5.8,2.6,2.4,4.0,8.4,,,False,False
RS,Serbia,2014,7146759.0,3666896.0,100983.0,50145.0,38.0,,,,,,,,,3696.0,2574.0,74.0,,85.0,,1696.0,,,56.0,159.0,150.2,227.35,60.7,95.67,203.69,277.76,-19.1,,,,,,,,,,,,,,,,,,5.1,12.8,-33.7,12.1,46.7,-5.9,-22.2,34.7,3479863.0,1.0,,,,,,,,100.8,70.2,2.0,,2.3,1.5,4.3,,,48.7,,,4.3,6.5,1.7,2.7,5.9,8.0,,,False,False
RS,Serbia,2015,7114393.0,3649994.0,103426.0,51432.0,31.0,,,,,,,,,5674.0,3320.0,96.0,,86.0,,2493.0,,,54.0,129.0,79.22,194.46,63.79,66.88,196.51,265.45,-18.4,,,,,,,,,53.5,29.0,29.7,,1.2,,47.0,,,-47.3,-14.5,5.1,-30.1,-3.5,-4.4,-3.6,-18.9,3464399.0,0.8,,,,,,,,155.5,91.0,2.6,,2.4,1.5,3.5,,,72.0,,,2.3,5.6,1.8,1.9,5.7,7.7,,,False,False
RS,Serbia,2016,7076372.0,3630114.0,100519.0,50002.0,41.0,,,,,,,,,6775.0,4721.0,136.0,,69.0,,3222.0,,,49.0,162.0,93.64,197.57,53.51,81.29,220.21,293.27,32.3,,,,,,,,,19.4,42.2,41.7,,-19.8,,29.2,,,18.2,1.6,-16.1,21.5,12.1,10.5,-9.3,25.6,3446258.0,1.1,,,,,,,,186.6,130.1,3.7,,1.9,1.3,4.5,,,93.5,,,2.7,5.7,1.6,2.4,6.4,8.5,,,False,False
RS,Serbia,2017,7040272.0,3611245.0,103349.0,51813.0,29.0,,,,23.0,,,,,9173.0,7554.0,139.0,579.0,81.0,,4108.0,,,108.0,197.0,71.01,197.6,129.67,108.06,291.25,186.28,-29.3,,,,,,,,,35.4,60.0,2.2,,17.4,,27.5,,,-24.2,0.0,142.3,32.9,32.3,-36.5,120.4,21.6,3429027.0,0.8,,,,0.6,,,,254.0,209.2,3.8,16.0,2.2,3.0,5.5,,,119.8,,,2.1,5.8,3.8,3.2,8.5,5.4,,,False,False
RS,Serbia,2018,7001444.0,3590852.0,101315.0,50533.0,28.0,,,,20.0,,,,,10111.0,9515.0,124.0,474.0,60.0,,3762.0,,,116.0,332.0,67.94,188.37,130.72,121.46,378.79,295.41,-3.4,,,,-13.0,,,,,10.2,26.0,-10.8,-18.1,-25.9,,-8.4,,,-4.3,-4.7,0.8,12.4,30.1,58.6,7.4,68.5,3410592.0,0.8,,,,0.6,,,,281.6,265.0,3.5,13.2,1.7,3.2,9.2,,,110.3,,,2.0,5.5,3.8,3.6,11.1,8.7,,,False,False
RS,Serbia,2019,6963764.0,3570953.0,101097.0,50019.0,29.0,,,,19.0,,15932.0,,14761.0,10009.0,9653.0,211.0,390.0,41.0,,3629.0,,,124.0,425.0,57.65,175.01,137.95,190.45,402.52,332.52,3.6,,,,-5.0,,,,,-1.0,1.5,70.2,-17.7,-31.7,,-3.5,,,-15.1,-7.1,5.5,56.8,6.3,12.6,6.9,28.0,3392811.0,0.8,,,,0.5,,446.2,,280.3,270.3,5.9,10.9,1.1,3.5,11.9,435.1,,107.0,,,1.7,5.2,4.1,5.6,11.9,9.8,,,False,False
RS,Serbia,2020,6926705.0,3552066.0,116454.0,56252.0,23.0,,,,19.0,,15606.0,,14439.0,9725.0,9983.0,100.0,415.0,38.0,,3115.0,,,90.0,377.0,61.78,150.33,98.84,130.76,379.93,294.47,-20.7,,,,0.0,,-2.0,,-2.2,-2.8,3.4,-52.6,6.4,-7.3,,-14.2,,,7.2,-14.1,-28.4,-31.3,-5.6,-11.4,-27.4,-11.3,3374639.0,0.6,,,,0.5,,439.3,,273.8,281.0,2.8,11.7,1.1,2.5,10.6,427.9,,92.3,,,1.8,4.5,2.9,3.9,11.3,8.7,,,False,False
RS,Serbia,2021,6871547.0,3525575.0,136622.0,66714.0,,,,,13.0,,15934.0,,14674.0,9489.0,10588.0,176.0,411.0,69.0,,2761.0,,,69.0,,,,,,,,,,,,-31.6,,2.1,,1.6,-2.4,6.1,76.0,-1.0,81.6,,-11.4,,,,,,,,,-23.3,,3345972.0,,,,,0.4,,452.0,,269.1,300.3,5.0,11.7,2.0,2.0,,438.6,,82.5,,,,,,,,,,,False,False
RS,Serbia,2022,6797105.0,,68194.0,33676.0,,,,,,,,,,,,,,,,,,,,,,,,,,,,,,,,,,,,,,,,,,,,,,,,,,,,,,,,,,,,,,,,,,,,,,,,,,,,,,,,,,False,False
SK,Slovakia,2011,5392446.0,,51531.0,24975.0,31.0,0.0,9.0,9.0,,,,,,,,,,,,,,,0.0,0.0,32.18,127.69,0.0,22.84,416.28,0.0,,,,,,,,,,,,,,,,,,,,,,,,,,,,,,,,,,,,,,,,,,,,,,,,,,,,,,,,True,False
SK,Slovakia,2012,5404322.0,2772570.0,52155.0,25491.0,17.0,2.0,3.0,5.0,,,,,,,,,,,,,,,0.0,0.0,46.71,105.88,0.0,23.87,490.97,0.0,-45.2,inf,-66.7,-44.4,,,,,,,,,,,,,,,45.2,-17.1,,4.5,17.9,,,,2631752.0,0.6,0.1,0.1,0.2,,,,,,,,,,0.0,0.0,,,,,,1.8,4.0,0.0,0.9,18.7,0.0,,,True,False
SK,Slovakia,2013,5410836.0,2774857.0,51777.0,25126.0,23.0,0.0,0.0,0.0,,,,,,,,,,,,,,,90.0,45.0,35.29,84.07,47.75,26.99,420.36,45.67,35.3,-100.0,-100.0,-100.0,,,,,,,,,,,,,,,-24.4,-20.6,inf,13.1,-14.4,inf,inf,inf,2635979.0,0.8,0.0,0.0,0.0,,,,,,,,,,3.2,1.6,,,,,,1.3,3.2,1.8,1.0,15.9,1.7,,,True,False
SK,Slovakia,2014,5415949.0,2776889.0,50960.0,24716.0,19.0,1.0,0.0,1.0,8.0,25.0,,501.0,,,389.0,13.0,32.0,53.0,,,164.0,57.0,87.0,36.0,32.17,78.88,65.39,19.72,462.9,38.4,-17.4,inf,,inf,,,,,,,,,,,,,,,-8.8,-6.2,36.9,-26.9,10.1,-15.9,-3.3,-20.0,2639060.0,0.7,0.0,0.0,0.0,0.3,0.9,,18.0,,14.0,0.5,1.2,1.9,3.1,1.3,,,,6.2,2.2,1.2,3.0,2.5,0.7,17.5,1.5,,,True,False
SK,Slovakia,2015,5421349.0,2779021.0,53408.0,26243.0,14.0,1.0,1.0,2.0,5.0,22.0,,568.0,,,408.0,5.0,67.0,56.0,,,133.0,57.0,87.0,53.0,33.21,84.07,55.01,18.68,393.34,57.08,-26.3,0.0,inf,100.0,-37.5,-12.0,,13.4,,,4.9,-61.5,109.4,5.7,,,-18.9,0.0,3.2,6.6,-15.9,-5.3,-15.0,48.6,0.0,47.2,2642328.0,0.5,0.0,0.0,0.1,0.2,0.8,,20.4,,14.7,0.2,2.4,2.0,3.1,1.9,,,,5.0,2.2,1.3,3.2,2.1,0.7,14.9,2.2,,,True,False
SK,Slovakia,2016,5426252.0,2780170.0,51906.0,25446.0,20.0,0.0,5.0,5.0,6.0,25.0,,812.0,,,637.0,9.0,52.0,55.0,,,183.0,76.0,82.0,44.0,36.32,72.65,51.89,16.6,427.57,35.28,42.9,-100.0,400.0,150.0,20.0,13.6,,43.0,,,56.1,80.0,-22.4,-1.8,,,37.6,33.3,9.4,-13.6,-5.7,-11.1,8.7,-38.2,-5.7,-17.0,2646082.0,0.7,0.0,0.2,0.2,0.2,0.9,,29.2,,22.9,0.3,1.9,2.0,2.9,1.6,,,,6.9,2.9,1.4,2.7,2.0,0.6,16.2,1.3,,,True,False
SK,Slovakia,2017,5435343.0,2783659.0,53491.0,26278.0,19.0,5.0,4.0,9.0,11.0,26.0,,787.0,,,651.0,21.0,51.0,55.0,,,189.0,91.0,96.0,66.0,25.94,61.23,57.07,18.68,56.04,63.3,-5.0,inf,-20.0,80.0,83.3,4.0,,-3.1,,,2.2,133.3,-1.9,0.0,,,3.3,19.7,-28.6,-15.7,10.0,12.5,-86.9,79.4,17.1,50.0,2651684.0,0.7,0.2,0.1,0.3,0.4,0.9,,28.3,,23.4,0.8,1.8,2.0,3.4,2.4,,,,7.1,3.4,1.0,2.3,2.2,0.7,2.1,2.4,,,True,False
SK,Slovakia,2018,5443120.0,2786606.0,53801.0,26371.0,26.0,0.0,2.0,2.0,5.0,32.0,,844.0,,,712.0,18.0,16.0,102.0,,893.0,806.0,467.0,99.0,55.0,45.66,84.05,62.26,37.36,90.27,53.96,36.8,-100.0,-50.0,-77.8,-54.5,23.1,,7.2,,,9.4,-14.3,-68.6,85.5,,,326.5,413.2,76.0,37.3,9.1,100.0,61.1,-14.8,3.1,-16.7,2656514.0,0.9,0.0,0.1,0.1,0.2,1.1,,30.3,,25.6,0.6,0.6,3.7,3.6,2.0,,,33.6,30.3,17.6,1.7,3.2,2.3,1.4,3.4,2.0,52.3,90.3,True,False
SK,Slovakia,2019,5450421.0,2789344.0,52703.0,25658.0,15.0,2.0,5.0,7.0,,,,,,,,,,,,,,,95.0,51.0,41.5,78.86,63.29,60.18,62.25,52.92,-42.3,inf,150.0,250.0,,,,,,,,,,,,,,,-9.1,-6.2,1.7,61.1,-31.0,-1.9,-4.0,-7.3,2661077.0,0.5,0.1,0.2,0.3,,,,,,,,,,3.4,1.8,,,,,,1.6,3.0,2.4,2.3,2.3,2.0,,,True,False
SK,Slovakia,2020,5457873.0,2792523.0,58638.0,28478.0,28.0,0.0,0.0,0.0,,,,,,,,,,,,,,,93.0,44.0,42.54,73.66,54.99,40.46,51.88,42.54,86.7,-100.0,-100.0,-100.0,,,,,,,,,,,,,,,2.5,-6.6,-13.1,-32.8,-16.7,-19.6,-2.1,-13.7,2665350.0,1.0,0.0,0.0,0.0,,,,,,,,,,3.3,1.6,,,,,,1.6,2.8,2.1,1.5,1.9,1.6,,,True,False
SK,Slovakia,2021,5459781.0,2793295.0,,,,,,,,,,,,,,,,,,,,,,,,,,,,,,,,,,,,,,,,,,,,,,,,,,,,,,,2666486.0,,,,,,,,,,,,,,,,,,,,,,,,,,,,,True,False
SK,Slovakia,2022,5434712.0,,,,,,,,,,,,,,,,,,,,,,,,,,,,,,,,,,,,,,,,,,,,,,,,,,,,,,,,,,,,,,,,,,,,,,,,,,,,,,,,,,,,,True,False
SI,Slovenia,2011,2050189.0,,18709.0,9476.0,7.0,0.0,4.0,4.0,,,,,,,,,,,,,,,39.0,35.0,16.48,0.0,41.75,79.1,113.15,28.31,,,,,,,,,,,,,,,,,,,,,,,,,,,,,,,,,,,,,,,,,,,,,,,,,,,,,,,,True,True
SI,Slovenia,2012,2055496.0,1038765.0,19196.0,9831.0,6.0,3.0,2.0,5.0,,,,,,,,,,,,,,,44.0,39.0,25.259999999999998,0.0,50.519999999999996,75.79,110.93,41.94,-14.3,inf,-50.0,25.0,,,,,,,,,,,,,,,53.3,,21.0,-4.2,-2.0,48.1,12.8,11.4,1016731.0,0.6,0.3,0.2,0.5,,,,,,,,,,4.2,3.8,,,,,,2.5,0.0,5.0,7.5,10.9,4.1,,,True,True
SI,Slovenia,2013,2058821.0,1039760.0,19260.0,9760.0,3.0,1.0,1.0,2.0,,,,,,,,,,,,,,,49.0,43.0,26.36,19.77,41.73,23.06,117.5,45.019999999999996,-50.0,-66.7,-50.0,-60.0,,,,,,,,,,,,,,,4.4,inf,-17.4,-69.6,5.9,7.3,11.4,10.3,1019061.0,0.3,0.1,0.1,0.2,,,,,,,,,,4.7,4.1,,,,,,2.6,1.9,4.1,2.3,11.5,4.4,,,True,True
SI,Slovenia,2014,2061085.0,1040211.0,18769.0,9614.0,6.0,2.0,4.0,6.0,7.0,16.0,1225.0,1267.0,1225.0,,,23.0,,57.0,995.0,1342.0,446.0,65.0,39.0,41.0,14.27,21.96,45.019999999999996,19.76,13.18,38.43,100.0,100.0,300.0,200.0,,,,,,,,,,,,,,,-45.9,11.1,7.9,-14.3,-88.8,-14.6,-20.4,-4.7,1020874.0,0.6,0.2,0.4,0.6,0.7,1.5,117.8,121.8,,,2.2,,5.5,3.7,3.9,120.0,97.5,131.5,43.7,6.4,1.4,2.2,4.4,1.9,1.3,3.8,4.8,33.2,True,True
SI,Slovenia,2015,2062874.0,1040645.0,19720.0,10067.0,11.0,2.0,2.0,4.0,6.0,25.0,962.0,991.0,962.0,,,22.0,,54.0,789.0,1123.0,453.0,69.0,41.0,28.0,20.86,20.86,42.82,17.57,24.15,26.35,83.3,0.0,-50.0,-33.3,-14.3,56.2,-21.5,-21.8,-21.5,,,-4.3,,-5.3,-20.7,-16.3,1.6,6.2,46.2,-5.0,-4.9,-11.1,83.2,-31.4,5.1,-31.7,1022229.0,1.1,0.2,0.2,0.4,0.6,2.4,92.4,95.2,,,2.1,,5.2,3.9,2.7,94.1,77.2,109.9,44.3,6.7,2.0,2.0,4.2,1.7,2.4,2.6,6.1,40.3,True,True
SI,Slovenia,2016,2064188.0,1040855.0,19556.0,9949.0,2.0,2.0,0.0,2.0,5.0,8.0,1016.0,1042.0,1016.0,,,13.0,,34.0,825.0,1060.0,375.0,68.0,28.0,38.0,10.98,25.25,31.83,8.78,17.56,40.62,-81.8,0.0,-100.0,-50.0,-16.7,-68.0,5.6,5.1,5.6,,,-40.9,,-37.0,4.6,-5.6,-17.2,-1.4,-47.4,21.0,-25.7,-50.0,-27.3,54.2,-31.7,35.7,1023333.0,0.2,0.2,0.0,0.2,0.5,0.8,97.6,100.1,,,1.2,,3.3,2.7,3.7,99.3,80.6,103.6,36.6,6.6,1.1,2.5,3.1,0.9,1.7,4.0,6.4,35.4,True,True
SI,Slovenia,2017,2065895.0,1040770.0,20255.0,10244.0,9.0,3.0,3.0,6.0,7.0,19.0,936.0,973.0,936.0,,,21.0,,52.0,841.0,1120.0,329.0,49.0,40.0,39.0,14.27,21.95,45.0,14.27,19.76,41.71,350.0,50.0,inf,200.0,40.0,137.5,-7.9,-6.6,-7.9,,,61.5,,52.9,1.9,5.7,-12.3,-27.9,30.0,-13.1,41.4,62.5,12.5,2.7,42.9,2.6,1025125.0,0.9,0.3,0.3,0.6,0.7,1.8,89.9,93.5,,,2.0,,5.0,3.8,3.7,91.3,82.0,109.3,32.1,4.8,1.4,2.1,4.4,1.4,1.9,4.1,4.4,29.4,True,True
SI,Slovenia,2018,2066880.0,1039839.0,20076.0,10199.0,5.0,5.0,0.0,5.0,4.0,23.0,1029.0,1055.0,1029.0,,,27.0,,41.0,984.0,1149.0,360.0,51.0,32.0,29.0,10.97,25.240000000000002,36.21,13.17,20.85,32.92,-44.4,66.7,-100.0,-16.7,-42.9,21.1,9.9,8.4,9.9,,,28.6,,-21.2,17.0,2.6,9.4,4.1,-23.1,15.0,-19.5,-7.7,5.5,-21.1,-20.0,-25.6,1027041.0,0.5,0.5,0.0,0.5,0.4,2.2,99.0,101.5,,,2.6,,3.9,3.1,2.8,100.2,95.8,111.9,35.1,5.0,1.1,2.5,3.5,1.3,2.0,3.2,4.4,31.3,True,True
SI,Slovenia,2019,2080908.0,1042252.0,20063.0,10266.0,4.0,1.0,2.0,3.0,5.0,15.0,992.0,1035.0,992.0,,,14.0,,65.0,960.0,1110.0,341.0,59.0,36.0,36.0,13.16,27.41,37.27,13.16,17.54,40.56,-20.0,-80.0,inf,-40.0,25.0,-34.8,-3.6,-1.9,-3.6,,,-48.1,,58.5,-2.4,-3.4,-5.3,15.7,20.0,8.6,2.9,-0.1,-15.9,23.2,12.5,24.1,1038656.0,0.4,0.1,0.2,0.3,0.5,1.4,95.2,99.3,,,1.3,,6.2,3.5,3.5,95.5,92.4,106.9,32.8,5.7,1.3,2.6,3.6,1.3,1.7,3.9,5.3,30.7,True,True
SI,Slovenia,2020,2095861.0,1044795.0,23609.0,12091.0,6.0,5.0,1.0,6.0,10.0,23.0,1103.0,1145.0,1103.0,,,23.0,,44.0,924.0,1295.0,233.0,44.0,41.0,36.0,5.48,25.19,44.9,8.76,9.86,56.95,50.0,400.0,-50.0,100.0,100.0,53.3,11.2,10.6,11.2,,,64.3,,-32.3,-3.7,16.7,-31.7,-25.4,-58.4,-8.1,20.5,-33.4,-43.8,40.4,13.9,0.0,1051066.0,0.6,0.5,0.1,0.6,1.0,2.2,105.6,109.6,,,2.2,,4.2,3.9,3.4,104.9,87.9,123.2,22.2,4.2,0.5,2.4,4.3,0.8,0.9,5.4,3.4,18.0,True,True
SI,Slovenia,2021,2108977.0,1049039.0,23261.0,11420.0,6.0,5.0,1.0,6.0,4.0,17.0,970.0,1004.0,970.0,,,27.0,,54.0,836.0,1053.0,260.0,40.0,55.0,43.0,15.0,15.0,45.0,5.0,18.0,34.0,0.0,0.0,0.0,0.0,-60.0,-26.1,-12.1,-12.3,-12.1,,,17.4,,22.7,-9.5,-18.7,11.6,-9.1,173.7,-40.5,0.2,-42.9,82.6,-40.3,34.1,19.4,1059938.0,0.6,0.5,0.1,0.6,0.4,1.6,92.5,95.7,,,2.6,,5.1,5.2,4.1,91.5,78.9,99.3,24.5,3.8,1.4,1.4,4.2,0.5,1.7,3.2,3.8,24.7,True,True
SI,Slovenia,2022,2107180.0,,,,,,,,,,,,,,,,,,,,,,,,,,,,,,,,,,,,,,,,,,,,,,,,,,,,,,,,,,,,,,,,,,,,,,,,,,,,,,,,,,,,,True,True
ES,Spain,2011,46667174.0,,387911.0,188057.0,128.0,0.0,0.0,0.0,,,,,,,,,,,,,,,1094.0,6329.0,0.0,0.0,1052.55,0.0,0.0,4732.44,,,,,,,,,,,,,,,,,,,,,,,,,,,,,,,,,,,,,,,,,,,,,,,,,,,,,,,,True,True
ES,Spain,2012,46818219.0,23719207.0,402950.0,197030.0,124.0,0.0,0.0,0.0,,,,,,,,,,,,,,,923.0,5864.0,0.0,0.0,856.69,0.0,0.0,4505.42,-3.1,,,,,,,,,,,,,,,,,,,,-18.6,,,-4.8,-15.6,-7.3,23099012.0,0.5,0.0,0.0,0.0,,,,,,,,,,3.9,24.7,,,,,,0.0,0.0,3.7,0.0,0.0,19.5,,,True,True
ES,Spain,2013,46727890.0,23710130.0,390419.0,190585.0,121.0,20.0,54.0,74.0,,,,,,,,,,,,,,,1237.0,5864.0,0.0,0.0,839.63,0.0,0.0,4517.54,-2.4,inf,inf,inf,,,,,,,,,,,,,,,,,-2.0,,,0.3,34.0,0.0,23017760.0,0.5,0.1,0.2,0.3,,,,,,,,,,5.2,24.7,,,,,,0.0,0.0,3.6,0.0,0.0,19.6,,,True,True
ES,Spain,2014,46512199.0,23634738.0,395829.0,194259.0,127.0,12.0,57.0,69.0,55.0,99.0,,65990.0,60682.0,57518.0,7729.0,381.0,362.0,798.0,33167.0,46320.0,,,1207.0,7057.0,64.28,0.0,941.1,486.12,0.0,5017.84,5.0,-40.0,5.6,-6.8,,,,,,,,,,,,,,,inf,,12.1,inf,,11.1,-2.4,20.3,22877461.0,0.5,0.1,0.2,0.3,0.2,0.4,,279.2,243.4,32.7,1.6,1.5,3.4,5.1,29.9,265.2,145.0,202.5,,,0.3,0.0,4.1,2.1,0.0,21.9,,,True,True
ES,Spain,2015,46449565.0,23623019.0,422568.0,209259.0,121.0,16.0,60.0,76.0,60.0,96.0,,66786.0,60877.0,57621.0,8334.0,443.0,388.0,759.0,36292.0,46277.0,24183.0,13575.0,1245.0,7675.0,40.18,0.0,879.84,454.98,0.0,5075.14,-4.7,33.3,5.3,10.1,9.1,-3.0,,1.2,0.3,0.2,7.8,16.3,7.2,-4.9,9.4,-0.1,,,-37.5,,-6.5,-6.4,,1.1,3.1,8.8,22826546.0,0.5,0.1,0.3,0.3,0.3,0.4,,282.7,243.9,35.3,1.9,1.6,3.2,5.3,32.5,266.7,159.0,202.7,105.9,59.5,0.2,0.0,3.9,2.0,0.0,22.2,29.3,52.3,True,True
ES,Spain,2016,46440099.0,23632635.0,410611.0,201618.0,113.0,19.0,48.0,67.0,49.0,104.0,,66830.0,61221.0,58090.0,7878.0,488.0,374.0,794.0,37956.0,47247.0,25878.0,14004.0,1273.0,7333.0,52.23,0.0,691.02,413.81,0.0,3418.92,-6.6,18.8,-20.0,-11.8,-18.3,8.3,,0.1,0.6,0.8,-5.5,10.2,-3.6,4.6,4.6,2.1,7.0,3.2,30.0,,-21.5,-9.0,,-32.6,2.2,-4.5,22807464.0,0.5,0.1,0.2,0.3,0.2,0.4,,282.8,245.8,33.3,2.1,1.6,3.4,5.4,31.0,268.4,166.4,207.2,113.5,61.4,0.2,0.0,3.0,1.8,0.0,15.0,29.6,54.8,True,True
ES,Spain,2017,46528024.0,23693426.0,424523.0,210287.0,113.0,17.0,47.0,64.0,50.0,106.0,,69481.0,63852.0,60050.0,8480.0,559.0,392.0,901.0,38501.0,49242.0,27103.0,14907.0,1431.0,9255.0,25.11,0.0,1049.58,411.8,0.0,6106.63,0.0,-10.5,-2.1,-4.5,2.0,1.9,,4.0,4.3,3.4,7.6,14.5,4.8,13.5,1.4,4.2,4.7,6.4,-51.9,,51.9,-0.5,,78.6,12.4,26.2,22834598.0,0.5,0.1,0.2,0.3,0.2,0.4,,293.3,253.4,35.8,2.4,1.7,3.8,6.0,39.1,279.6,168.6,215.6,118.7,65.3,0.1,0.0,4.6,1.8,0.0,26.7,30.3,55.0,True,True
ES,Spain,2018,46658447.0,23776565.0,427721.0,211279.0,117.0,26.0,47.0,73.0,50.0,104.0,,73304.0,67836.0,62302.0,8790.0,657.0,1555.0,1073.0,39176.0,50459.0,27880.0,15633.0,1680.0,9388.0,34.15,0.0,1219.31,376.64,0.0,6788.54,3.5,52.9,0.0,14.1,0.0,-1.9,,5.5,6.2,3.8,3.7,17.5,296.7,19.1,1.8,2.5,2.9,4.9,36.0,,16.2,-8.5,,11.2,17.4,1.4,22881882.0,0.5,0.1,0.2,0.3,0.2,0.4,,308.3,262.0,37.0,2.8,6.5,4.5,7.1,39.5,296.5,171.2,220.5,121.8,68.3,0.1,0.0,5.3,1.6,0.0,29.7,31.0,55.3,True,True
ES,Spain,2019,46937060.0,23927801.0,418703.0,206020.0,126.0,23.0,45.0,68.0,,,,,,,,,,,,,,,1550.0,10100.0,39.17,0.0,1240.37,416.8,0.0,6310.31,7.7,-11.5,-4.3,-6.8,,,,,,,,,,,,,,,14.7,,1.7,10.7,,-7.0,-7.7,7.6,23009259.0,0.5,0.1,0.2,0.3,,,,,,,,,,6.5,42.2,,,,,,0.2,0.0,5.4,1.8,0.0,27.4,,,True,True
ES,Spain,2020,47332614.0,24133301.0,493776.0,244112.0,119.0,30.0,47.0,77.0,,,145731.0,,,,,,,,,,,,1384.0,7856.0,43.19,0.0,1048.5,398.71,0.0,5587.98,-5.6,30.4,4.4,13.2,,,,,,,,,,,,,,,10.3,,-15.5,-4.3,,-11.4,-10.7,-22.2,23199313.0,0.5,0.1,0.2,0.3,,,603.9,,,,,,,5.7,32.6,,,,,,0.2,0.0,4.5,1.7,0.0,24.1,,,True,True
ES,Spain,2021,47398695.0,24171413.0,450.687,219240.0,108.0,,,,,,159352.0,,,,,,,,,,,,1774.0,2079.0,45.2,0.0,1277.47,444.91,0.0,1442.18,-9.2,,,,,,9.3,,,,,,,,,,,,4.7,,21.8,11.6,,-74.2,28.2,-73.5,23227282.0,0.4,,,,,,659.3,,,,,,,7.3,8.6,,,,,,0.2,0.0,5.5,1.9,0.0,6.2,,,True,True
ES,Spain,2022,47432805.0,,,,,,,,,,,,,,,,,,,,,,,,,,,,,,,,,,,,,,,,,,,,,,,,,,,,,,,,,,,,,,,,,,,,,,,,,,,,,,,,,,,,,True,True
SE,Sweden,2011,9415570.0,,89353.0,46344.0,25.0,0.0,0.0,0.0,,,,,,,,,,,,,,,6153.0,831.0,328.87,527.0,2758.99,592.37,726.64,2843.89,,,,,,,,,,,,,,,,,,,,,,,,,,,,,,,,,,,,,,,,,,,,,,,,,,,,,,,,True,True
SE,Sweden,2012,9482855.0,4756021.0,91538.0,47653.0,21.0,0.0,0.0,0.0,,21.0,,,,,,,,,,,,,5915.0,804.0,325.75,509.56,2753.74,527.94,694.24,2702.2,-16.0,,,,,,,,,,,,,,,,,,-0.9,-3.3,-0.2,-10.9,-4.5,-5.0,-3.9,-3.2,4726834.0,0.4,0.0,0.0,0.0,,0.4,,,,,,,,124.4,16.9,,,,,,6.9,10.8,58.3,11.2,14.7,57.2,,,True,True
SE,Sweden,2013,9555893.0,4789988.0,90083.0,46742.0,26.0,0.0,0.0,0.0,,26.0,,,,,,,,,,,,,5614.0,919.0,315.48,499.26,2680.08,511.51,781.05,2621.88,23.8,,,,,23.8,,,,,,,,,,,,,-3.2,-2.0,-2.7,-3.1,12.5,-3.0,-5.1,14.3,4765905.0,0.5,0.0,0.0,0.0,,0.5,,,,,,,,117.2,19.2,,,,,,6.6,10.5,56.2,10.7,16.4,55.0,,,True,True
SE,Sweden,2014,9644864.0,4830507.0,88664.0,45594.0,25.0,0.0,0.0,0.0,,25.0,,15627.0,9261.0,15627.0,,,,3076.0,,2077.0,,,6304.0,9170.0,326.65,506.3,2830.6,455.26,733.93,2845.91,-3.8,,,,,-3.8,,,,,,,,,,,,,3.5,1.4,5.6,-11.0,-6.0,8.5,12.3,897.8,4814357.0,0.5,0.0,0.0,0.0,,0.5,,323.5,323.5,,,,63.7,130.5,189.8,192.4,,43.1,,,6.8,10.5,58.8,9.5,15.2,59.1,,,True,True
SE,Sweden,2015,9747355.0,4875115.0,90549.0,46422.0,29.0,0.0,0.0,0.0,,29.0,,15717.0,9306.0,15717.0,,,,3056.0,,2016.0,,,5461.0,8173.0,293.91,500.06,2860.53,441.89,743.96,2971.77,16.0,,,,,16.0,,0.6,0.5,0.6,,,,-0.7,,-2.9,,,-10.0,-1.2,1.1,-2.9,1.4,4.4,-13.4,-10.9,4872240.0,0.6,0.0,0.0,0.0,,0.6,,322.4,322.4,,,,62.7,112.0,167.6,191.0,,41.4,,,6.0,10.3,58.7,9.1,15.3,61.0,,,True,True
SE,Sweden,2016,9851017.0,4920051.0,90602.0,46561.0,29.0,0.0,0.0,0.0,,29.0,,12303.0,8033.0,12303.0,,,,3282.0,,1740.0,,,5819.0,9706.0,289.76,483.61,2940.45,525.44,845.81,3310.81,0.0,,,,,0.0,,-21.7,-13.7,-21.7,,,,7.4,,-13.7,,,-1.4,-3.3,2.8,18.9,13.7,11.4,6.6,18.8,4930966.0,0.6,0.0,0.0,0.0,,0.6,,250.1,250.1,,,,66.7,118.3,197.3,162.9,,35.3,,,5.9,9.8,59.6,10.7,17.2,67.1,,,True,True
SE,Sweden,2017,9995153.0,4981806.0,91638.0,47116.0,27.0,0.0,10.0,10.0,10.0,27.0,,12003.0,7202.0,11993.0,,,,3755.0,,1458.0,,,6438.0,10162.0,292.72,496.71,3307.69,578.31,976.09,3688.13,-6.9,,inf,inf,,-6.9,,-2.4,-10.3,-2.5,,,,14.4,,-16.2,,,1.0,2.7,12.5,10.1,15.4,11.4,10.6,4.7,5013347.0,0.5,0.0,0.2,0.2,0.2,0.5,,240.9,240.7,,,,75.4,129.2,204.0,143.7,,29.1,,,5.8,9.9,66.0,11.5,19.5,73.6,,,True,True
SE,Sweden,2018,10120242.0,5037580.0,91766.0,46769.0,33.0,0.0,22.0,22.0,22.0,33.0,,15124.0,8628.0,15102.0,,,,3997.0,,1736.0,,,7076.0,9974.0,382.38,597.53,3635.14,617.92,1005.4,3906.37,22.2,,120.0,120.0,120.0,22.2,,26.0,19.8,25.9,,,,6.4,,19.1,,,30.6,20.3,9.9,6.8,3.0,5.9,9.9,-1.9,5082662.0,0.7,0.0,0.4,0.4,0.4,0.7,,300.2,299.8,,,,79.3,140.5,198.0,169.8,,34.2,,,7.5,11.8,71.5,12.2,19.8,76.9,,,True,True
SE,Sweden,2019,10230185.0,5087747.0,88353.0,44740.0,25.0,0.0,16.0,16.0,16.0,25.0,,,,,,,,4799.0,,,,,7638.0,9816.0,482.2,757.45,4322.45,647.35,1071.44,4120.6,-24.2,,-27.3,-27.3,-27.3,-24.2,,,,,,,,20.1,,,,,26.1,26.8,18.9,4.8,6.6,5.5,7.9,-1.6,5142438.0,0.5,0.0,0.3,0.3,0.3,0.5,,,,,,,94.3,150.1,192.9,,,,,,9.4,14.7,84.1,12.6,20.8,80.1,,,True,True
SE,Sweden,2020,10327589.0,5131775.0,,48743.0,25.0,0.0,13.0,13.0,13.0,25.0,,,,,,,,5471.0,,,,,8267.0,10144.0,533.07,874.51,4669.17,599.32,1089.57,4109.6,0.0,,-18.8,-18.8,-18.8,0.0,,,,,,,,14.0,,,,,10.5,15.5,8.0,-7.4,1.7,-0.3,8.2,3.3,5195814.0,0.5,0.0,0.3,0.3,0.3,0.5,,,,,,,106.6,161.1,197.7,,,,,,10.3,16.8,89.9,11.5,21.0,79.1,,,True,True
SE,Sweden,2021,10379295.0,5156448.0,,45474.0,24.0,,,,15.0,24.0,,,,,,,,,,,,,,,,,,,,,-4.0,,,,15.4,-4.0,,,,,,,,,,,,,,,,,,,,,5222847.0,0.5,,,,0.3,0.5,,,,,,,,,,,,,,,,,,,,,,,True,True
SE,Sweden,2022,10452326.0,,,,,,,,,,,,,,,,,,,,,,,,,,,,,,,,,,,,,,,,,,,,,,,,,,,,,,,,,,,,,,,,,,,,,,,,,,,,,,,,,,,,,True,True
EL,Greece,2010,,,,,,,,,11.0,33.0,,1303.0,,,,,,263.0,,,,,263.0,,,,,,,,,,,,,,,,,,,,,,,,,,,,,,,,,,,,,,,,,,,,,,,,,,,,,,,,,,,,,,,False,False
